Workbook

Sheet Raw Data 
A1: Sector | B1: Year | C1: Month | D1: Cereals and products | E1: Meat and fish | F1: Egg | G1: Milk and products | H1: Oils and fats | I1: Fruits | J1: Vegetables | K1: Pulses and products | L1: Sugar and Confectionery | M1: Spices | N1: Non-alcoholic beverages | O1: Prepared meals, snacks, sweets etc. | P1: Food and beverages | Q1: Pan, tobacco and intoxicants | R1: Clothing | S1: Footwear | T1: Clothing and footwear | U1: Housing | V1: Fuel and light | W1: Household goods and services | X1: Health | Y1: Transport and communication | Z1: Recreation and amusement | AA1: Education | AB1: Personal care and effects | AC1: Miscellaneous | AD1: General index
A2: Rural | B2: 2013 | C2: January | D2: 107.5 | E2: 106.3 | F2: 108.1 | G2: 104.9 | H2: 106.1 | I2: 103.9 | J2: 101.9 | K2: 106.1 | L2: 106.8 | M2: 103.1 | N2: 104.8 | O2: 106.7 | P2: 105.5 | Q2: 105.1 | R2: 106.5 | S2: 105.8 | T2: 106.4 | U2: NA | V2: 105.5 | W2: 104.8 | X2: 104 | Y2: 103.3 | Z2: 103.4 | AA2: 103.8 | AB2: 104.7 | AC2: 104 | AD2: 105.1
A3: Urban | B3: 2013 | C3: January | D3: 110.5 | E3: 109.1 | F3: 113 | G3: 103.6 | H3: 103.4 | I3: 102.3 | J3: 102.9 | K3: 105.8 | L3: 105.1 | M3: 101.8 | N3: 105.1 | O3: 107.9 | P3: 105.9 | Q3: 105.2 | R3: 105.9 | S3: 105 | T3: 105.8 | U3: 100.3 | V3: 105.4 | W3: 104.8 | X3: 104.1 | Y3: 103.2 | Z3: 102.9 | AA3: 103.5 | AB3: 104.3 | AC3: 103.7 | AD3: 104
A4: Rural+Urban | B4: 2013 | C4: January | D4: 108.4 | E4: 107.3 | F4: 110 | G4: 104.4 | H4: 105.1 | I4: 103.2 | J4: 102.2 | K4: 106 | L4: 106.2 | M4: 102.7 | N4: 104.9 | O4: 107.3 | P4: 105.6 | Q4: 105.1 | R4: 106.3 | S4: 105.5 | T4: 106.2 | U4: 100.3 | V4: 105.5 | W4: 104.8 | X4: 104 | Y4: 103.2 | Z4: 103.1 | AA4: 103.6 | AB4: 104.5 | AC4: 103.9 | AD4: 104.6
A5: Rural | B5: 2013 | C5: February | D5: 109.2 | E5: 108.7 | F5: 110.2 | G5: 105.4 | H5: 106.7 | I5: 104 | J5: 102.4 | K5: 105.9 | L5: 105.7 | M5: 103.1 | N5: 105.1 | O5: 107.7 | P5: 106.3 | Q5: 105.6 | R5: 107.1 | S5: 106.3 | T5: 107 | U5: NA | V5: 106.2 | W5: 105.2 | X5: 104.4 | Y5: 103.9 | Z5: 104 | AA5: 104.1 | AB5: 104.6 | AC5: 104.4 | AD5: 105.8
A6: Urban | B6: 2013 | C6: February | D6: 112.9 | E6: 112.9 | F6: 116.9 | G6: 104 | H6: 103.5 | I6: 103.1 | J6: 104.9 | K6: 104.1 | L6: 103.8 | M6: 102.3 | N6: 106 | O6: 109 | P6: 107.2 | Q6: 106 | R6: 106.6 | S6: 105.5 | T6: 106.4 | U6: 100.4 | V6: 105.7 | W6: 105.2 | X6: 104.7 | Y6: 104.4 | Z6: 103.3 | AA6: 103.7 | AB6: 104.3 | AC6: 104.3 | AD6: 104.7
A7: Rural+Urban | B7: 2013 | C7: February | D7: 110.4 | E7: 110.2 | F7: 112.8 | G7: 104.9 | H7: 105.5 | I7: 103.6 | J7: 103.2 | K7: 105.3 | L7: 105.1 | M7: 102.8 | N7: 105.5 | O7: 108.3 | P7: 106.6 | Q7: 105.7 | R7: 106.9 | S7: 106 | T7: 106.8 | U7: 100.4 | V7: 106 | W7: 105.2 | X7: 104.5 | Y7: 104.2 | Z7: 103.6 | AA7: 103.9 | AB7: 104.5 | AC7: 104.4 | AD7: 105.3
A8: Rural | B8: 2013 | C8: March | D8: 110.2 | E8: 108.8 | F8: 109.9 | G8: 105.6 | H8: 106.2 | I8: 105.7 | J8: 101.4 | K8: 105.7 | L8: 105 | M8: 103.3 | N8: 105.6 | O8: 108.2 | P8: 106.6 | Q8: 106.5 | R8: 107.6 | S8: 106.8 | T8: 107.5 | U8: NA | V8: 106.1 | W8: 105.6 | X8: 104.7 | Y8: 104.6 | Z8: 104 | AA8: 104.3 | AB8: 104.3 | AC8: 104.6 | AD8: 106
A9: Urban | B9: 2013 | C9: March | D9: 113.9 | E9: 111.4 | F9: 113.2 | G9: 104.3 | H9: 102.7 | I9: 104.9 | J9: 103.8 | K9: 103.5 | L9: 102.6 | M9: 102.4 | N9: 107 | O9: 109.8 | P9: 107.3 | Q9: 106.8 | R9: 107.2 | S9: 106 | T9: 107 | U9: 100.4 | V9: 106 | W9: 105.7 | X9: 105.2 | Y9: 105.5 | Z9: 103.5 | AA9: 103.8 | AB9: 104.2 | AC9: 104.9 | AD9: 105
A10: Rural+Urban | B10: 2013 | C10: March | D10: 111.4 | E10: 109.7 | F10: 111.2 | G10: 105.1 | H10: 104.9 | I10: 105.3 | J10: 102.2 | K10: 105 | L10: 104.2 | M10: 103 | N10: 106.2 | O10: 108.9 | P10: 106.9 | Q10: 106.6 | R10: 107.4 | S10: 106.5 | T10: 107.3 | U10: 100.4 | V10: 106.1 | W10: 105.6 | X10: 104.9 | Y10: 105.1 | Z10: 103.7 | AA10: 104 | AB10: 104.3 | AC10: 104.7 | AD10: 105.5
A11: Rural | B11: 2013 | C11: April | D11: 110.2 | E11: 109.5 | F11: 106.9 | G11: 106.3 | H11: 105.7 | I11: 108.3 | J11: 103.4 | K11: 105.7 | L11: 104.2 | M11: 103.2 | N11: 106.5 | O11: 108.8 | P11: 107.1 | Q11: 107.1 | R11: 108.1 | S11: 107.4 | T11: 108 | U11: NA | V11: 106.5 | W11: 106.1 | X11: 105.1 | Y11: 104.4 | Z11: 104.5 | AA11: 104.8 | AB11: 102.7 | AC11: 104.6 | AD11: 106.4
A12: Urban | B12: 2013 | C12: April | D12: 114.6 | E12: 113.4 | F12: 106 | G12: 104.7 | H12: 102.1 | I12: 109.5 | J12: 109.7 | K12: 104.6 | L12: 102 | M12: 103.5 | N12: 108.2 | O12: 110.6 | P12: 108.8 | Q12: 108.5 | R12: 107.9 | S12: 106.4 | T12: 107.7 | U12: 100.5 | V12: 106.4 | W12: 106.5 | X12: 105.7 | Y12: 105 | Z12: 104 | AA12: 105.2 | AB12: 103.2 | AC12: 105.1 | AD12: 105.7
A13: Rural+Urban | B13: 2013 | C13: April | D13: 111.6 | E13: 110.9 | F13: 106.6 | G13: 105.7 | H13: 104.4 | I13: 108.9 | J13: 105.5 | K13: 105.3 | L13: 103.5 | M13: 103.3 | N13: 107.2 | O13: 109.6 | P13: 107.7 | Q13: 107.5 | R13: 108 | S13: 107 | T13: 107.9 | U13: 100.5 | V13: 106.5 | W13: 106.3 | X13: 105.3 | Y13: 104.7 | Z13: 104.2 | AA13: 105 | AB13: 102.9 | AC13: 104.8 | AD13: 106.1
A14: Rural | B14: 2013 | C14: May | D14: 110.9 | E14: 109.8 | F14: 105.9 | G14: 107.5 | H14: 105.3 | I14: 108.1 | J14: 107.3 | K14: 106.1 | L14: 103.7 | M14: 104 | N14: 107.4 | O14: 109.9 | P14: 108.1 | Q14: 108.1 | R14: 108.8 | S14: 107.9 | T14: 108.6 | U14: NA | V14: 107.5 | W14: 106.8 | X14: 105.7 | Y14: 104.1 | Z14: 105 | AA14: 105.5 | AB14: 102.1 | AC14: 104.8 | AD14: 107.2
A15: Urban | B15: 2013 | C15: May | D15: 115.4 | E15: 114.2 | F15: 102.7 | G15: 105.5 | H15: 101.5 | I15: 110.6 | J15: 123.7 | K15: 105.2 | L15: 101.9 | M15: 105 | N15: 109.1 | O15: 111.3 | P15: 111.1 | Q15: 109.8 | R15: 108.5 | S15: 106.7 | T15: 108.3 | U15: 100.5 | V15: 107.2 | W15: 107.1 | X15: 106.2 | Y15: 103.9 | Z15: 104.6 | AA15: 105.7 | AB15: 102.6 | AC15: 104.9 | AD15: 106.6
A16: Rural+Urban | B16: 2013 | C16: May | D16: 112.3 | E16: 111.3 | F16: 104.7 | G16: 106.8 | H16: 103.9 | I16: 109.3 | J16: 112.9 | K16: 105.8 | L16: 103.1 | M16: 104.3 | N16: 108.1 | O16: 110.5 | P16: 109.2 | Q16: 108.6 | R16: 108.7 | S16: 107.4 | T16: 108.5 | U16: 100.5 | V16: 107.4 | W16: 106.9 | X16: 105.9 | Y16: 104 | Z16: 104.8 | AA16: 105.6 | AB16: 102.3 | AC16: 104.8 | AD16: 106.9
A17: Rural | B17: 2013 | C17: June | D17: 112.3 | E17: 112.1 | F17: 108.1 | G17: 108.3 | H17: 105.9 | I17: 109.2 | J17: 118 | K17: 106.8 | L17: 104.1 | M17: 105.4 | N17: 108.2 | O17: 111 | P17: 110.6 | Q17: 109 | R17: 109.7 | S17: 108.8 | T17: 109.5 | U17: NA | V17: 108.5 | W17: 107.5 | X17: 106.3 | Y17: 105 | Z17: 105.6 | AA17: 106.5 | AB17: 102.5 | AC17: 105.5 | AD17: 108.9
A18: Urban | B18: 2013 | C18: June | D18: 117 | E18: 120.1 | F18: 112.5 | G18: 107.3 | H18: 101.3 | I18: 112.4 | J18: 143.6 | K18: 105.4 | L18: 101.4 | M18: 106.4 | N18: 110 | O18: 112.2 | P18: 115 | Q18: 110.9 | R18: 109.2 | S18: 107.2 | T18: 108.9 | U18: 106.6 | V18: 108 | W18: 107.7 | X18: 106.5 | Y18: 105.2 | Z18: 105.2 | AA18: 108.1 | AB18: 103.3 | AC18: 106.1 | AD18: 109.7
A19: Rural+Urban | B19: 2013 | C19: June | D19: 113.8 | E19: 114.9 | F19: 109.8 | G19: 107.9 | H19: 104.2 | I19: 110.7 | J19: 126.7 | K19: 106.3 | L19: 103.2 | M19: 105.7 | N19: 109 | O19: 111.6 | P19: 112.2 | Q19: 109.5 | R19: 109.5 | S19: 108.1 | T19: 109.3 | U19: 106.6 | V19: 108.3 | W19: 107.6 | X19: 106.4 | Y19: 105.1 | Z19: 105.4 | AA19: 107.4 | AB19: 102.8 | AC19: 105.8 | AD19: 109.3
A20: Rural | B20: 2013 | C20: July | D20: 113.4 | E20: 114.9 | F20: 110.5 | G20: 109.3 | H20: 106.2 | I20: 110.3 | J20: 129.2 | K20: 107.1 | L20: 104.3 | M20: 106.4 | N20: 109.1 | O20: 112.1 | P20: 113.1 | Q20: 109.8 | R20: 110.5 | S20: 109.5 | T20: 110.3 | U20: NA | V20: 109.5 | W20: 108.3 | X20: 106.9 | Y20: 106.8 | Z20: 106.4 | AA20: 107.8 | AB20: 102.5 | AC20: 106.5 | AD20: 110.7
A21: Urban | B21: 2013 | C21: July | D21: 117.8 | E21: 119.2 | F21: 114 | G21: 108.3 | H21: 101.1 | I21: 113.2 | J21: 160.9 | K21: 105.1 | L21: 101.3 | M21: 107.5 | N21: 110.4 | O21: 113.1 | P21: 117.5 | Q21: 111.7 | R21: 109.8 | S21: 107.8 | T21: 109.5 | U21: 107.7 | V21: 108.6 | W21: 108.1 | X21: 107.1 | Y21: 107.3 | Z21: 105.9 | AA21: 110.1 | AB21: 103.2 | AC21: 107.3 | AD21: 111.4
A22: Rural+Urban | B22: 2013 | C22: July | D22: 114.8 | E22: 116.4 | F22: 111.9 | G22: 108.9 | H22: 104.3 | I22: 111.7 | J22: 140 | K22: 106.4 | L22: 103.3 | M22: 106.8 | N22: 109.6 | O22: 112.6 | P22: 114.7 | Q22: 110.3 | R22: 110.2 | S22: 108.8 | T22: 110 | U22: 107.7 | V22: 109.2 | W22: 108.2 | X22: 107 | Y22: 107.1 | Z22: 106.1 | AA22: 109.1 | AB22: 102.8 | AC22: 106.9 | AD22: 111
A23: Rural | B23: 2013 | C23: August | D23: 114.3 | E23: 115.4 | F23: 111.1 | G23: 110 | H23: 106.4 | I23: 110.8 | J23: 138.9 | K23: 107.4 | L23: 104.1 | M23: 106.9 | N23: 109.7 | O23: 112.6 | P23: 114.9 | Q23: 110.7 | R23: 111.3 | S23: 110.2 | T23: 111.1 | U23: NA | V23: 109.9 | W23: 108.7 | X23: 107.5 | Y23: 107.8 | Z23: 106.8 | AA23: 108.7 | AB23: 105 | AC23: 107.5 | AD23: 112.1
A24: Urban | B24: 2013 | C24: August | D24: 118.3 | E24: 120.4 | F24: 112.7 | G24: 108.9 | H24: 101.1 | I24: 108.7 | J24: 177 | K24: 104.7 | L24: 101 | M24: 108.5 | N24: 110.9 | O24: 114.3 | P24: 119.6 | Q24: 112.4 | R24: 110.6 | S24: 108.3 | T24: 110.2 | U24: 108.9 | V24: 109.3 | W24: 108.7 | X24: 107.6 | Y24: 108.1 | Z24: 106.5 | AA24: 110.8 | AB24: 106 | AC24: 108.3 | AD24: 112.7
A25: Rural+Urban | B25: 2013 | C25: August | D25: 115.6 | E25: 117.2 | F25: 111.7 | G25: 109.6 | H25: 104.5 | I25: 109.8 | J25: 151.8 | K25: 106.5 | L25: 103.1 | M25: 107.4 | N25: 110.2 | O25: 113.4 | P25: 116.6 | Q25: 111.2 | R25: 111 | S25: 109.4 | T25: 110.7 | U25: 108.9 | V25: 109.7 | W25: 108.7 | X25: 107.5 | Y25: 108 | Z25: 106.6 | AA25: 109.9 | AB25: 105.4 | AC25: 107.9 | AD25: 112.4
A26: Rural | B26: 2013 | C26: September | D26: 115.4 | E26: 115.7 | F26: 111.7 | G26: 111 | H26: 107.4 | I26: 110.9 | J26: 154 | K26: 108.1 | L26: 104.2 | M26: 107.9 | N26: 110.4 | O26: 114 | P26: 117.8 | Q26: 111.7 | R26: 112.7 | S26: 111.4 | T26: 112.5 | U26: NA | V26: 111.1 | W26: 109.6 | X26: 108.3 | Y26: 109.3 | Z26: 107.7 | AA26: 109.8 | AB26: 106.7 | AC26: 108.7 | AD26: 114.2
A27: Urban | B27: 2013 | C27: September | D27: 118.6 | E27: 119.1 | F27: 113.2 | G27: 109.6 | H27: 101.7 | I27: 103.2 | J27: 174.3 | K27: 105.1 | L27: 100.8 | M27: 109.1 | N27: 111.1 | O27: 115.4 | P27: 119.2 | Q27: 112.9 | R27: 111.4 | S27: 109 | T27: 111.1 | U27: 109.7 | V27: 109.5 | W27: 109.6 | X27: 107.9 | Y27: 110.4 | Z27: 107.4 | AA27: 111.2 | AB27: 106.9 | AC27: 109.4 | AD27: 113.2
A28: Rural+Urban | B28: 2013 | C28: September | D28: 116.4 | E28: 116.9 | F28: 112.3 | G28: 110.5 | H28: 105.3 | I28: 107.3 | J28: 160.9 | K28: 107.1 | L28: 103.1 | M28: 108.3 | N28: 110.7 | O28: 114.6 | P28: 118.3 | Q28: 112 | R28: 112.2 | S28: 110.4 | T28: 111.9 | U28: 109.7 | V28: 110.5 | W28: 109.6 | X28: 108.1 | Y28: 109.9 | Z28: 107.5 | AA28: 110.6 | AB28: 106.8 | AC28: 109 | AD28: 113.7
A29: Rural | B29: 2013 | C29: October | D29: 116.3 | E29: 115.4 | F29: 112.6 | G29: 111.7 | H29: 107.7 | I29: 113.2 | J29: 164.9 | K29: 108.3 | L29: 103.9 | M29: 108.2 | N29: 111.1 | O29: 114.9 | P29: 119.8 | Q29: 112.2 | R29: 113.6 | S29: 112.3 | T29: 113.4 | U29: NA | V29: 111.6 | W29: 110.4 | X29: 108.9 | Y29: 109.3 | Z29: 108.3 | AA29: 110.2 | AB29: 107.5 | AC29: 109.1 | AD29: 115.5
A30: Urban | B30: 2013 | C30: October | D30: 118.9 | E30: 118.1 | F30: 114.5 | G30: 110.4 | H30: 102.3 | I30: 106.2 | J30: 183.5 | K30: 105.3 | L30: 100.2 | M30: 109.6 | N30: 111.4 | O30: 116 | P30: 120.8 | Q30: 113.5 | R30: 112.5 | S30: 109.7 | T30: 112 | U30: 110.5 | V30: 109.7 | W30: 110.2 | X30: 108.2 | Y30: 109.7 | Z30: 108 | AA30: 111.3 | AB30: 107.3 | AC30: 109.4 | AD30: 114
A31: Rural+Urban | B31: 2013 | C31: October | D31: 117.1 | E31: 116.3 | F31: 113.3 | G31: 111.2 | H31: 105.7 | I31: 109.9 | J31: 171.2 | K31: 107.3 | L31: 102.7 | M31: 108.7 | N31: 111.2 | O31: 115.4 | P31: 120.2 | Q31: 112.5 | R31: 113.2 | S31: 111.2 | T31: 112.8 | U31: 110.5 | V31: 110.9 | W31: 110.3 | X31: 108.6 | Y31: 109.5 | Z31: 108.1 | AA31: 110.8 | AB31: 107.4 | AC31: 109.2 | AD31: 114.8
A32: Rural | B32: 2013 | C32: November | D32: 117.3 | E32: 114.9 | F32: 116.2 | G32: 112.8 | H32: 108.9 | I32: 116.6 | J32: 178.1 | K32: 109.1 | L32: 103.6 | M32: 109 | N32: 111.8 | O32: 116 | P32: 122.5 | Q32: 112.8 | R32: 114.6 | S32: 113.1 | T32: 114.4 | U32: NA | V32: 112.6 | W32: 111.3 | X32: 109.7 | Y32: 109.6 | Z32: 108.7 | AA32: 111 | AB32: 108.2 | AC32: 109.8 | AD32: 117.4
A33: Urban | B33: 2013 | C33: November | D33: 119.8 | E33: 116.3 | F33: 122.6 | G33: 112 | H33: 103.2 | I33: 110 | J33: 192.8 | K33: 106.3 | L33: 99.5 | M33: 110.3 | N33: 111.8 | O33: 117.1 | P33: 122.9 | Q33: 114.1 | R33: 113.5 | S33: 110.3 | T33: 113 | U33: 111.1 | V33: 110 | W33: 110.9 | X33: 108.6 | Y33: 109.5 | Z33: 108.5 | AA33: 111.3 | AB33: 107.9 | AC33: 109.6 | AD33: 115
A34: Rural+Urban | B34: 2013 | C34: November | D34: 118.1 | E34: 115.4 | F34: 118.7 | G34: 112.5 | H34: 106.8 | I34: 113.5 | J34: 183.1 | K34: 108.2 | L34: 102.2 | M34: 109.4 | N34: 111.8 | O34: 116.5 | P34: 122.6 | Q34: 113.1 | R34: 114.2 | S34: 111.9 | T34: 113.8 | U34: 111.1 | V34: 111.6 | W34: 111.1 | X34: 109.3 | Y34: 109.5 | Z34: 108.6 | AA34: 111.2 | AB34: 108.1 | AC34: 109.7 | AD34: 116.3
A35: Rural | B35: 2013 | C35: December | D35: 118.4 | E35: 115.9 | F35: 120.4 | G35: 113.8 | H35: 109.5 | I35: 115.5 | J35: 145.7 | K35: 109.5 | L35: 102.9 | M35: 109.8 | N35: 112.1 | O35: 116.8 | P35: 118.7 | Q35: 113.6 | R35: 115.8 | S35: 114 | T35: 115.5 | U35: NA | V35: 112.8 | W35: 112.1 | X35: 110.1 | Y35: 109.9 | Z35: 109.2 | AA35: 111.6 | AB35: 108.1 | AC35: 110.1 | AD35: 115.5
A36: Urban | B36: 2013 | C36: December | D36: 120.5 | E36: 118.1 | F36: 128.5 | G36: 112.8 | H36: 103.4 | I36: 110.7 | J36: 144.8 | K36: 107.1 | L36: 98.6 | M36: 111.9 | N36: 112.1 | O36: 118.1 | P36: 117.8 | Q36: 115 | R36: 114.2 | S36: 110.9 | T36: 113.7 | U36: 110.7 | V36: 110.4 | W36: 111.3 | X36: 109 | Y36: 109.7 | Z36: 108.9 | AA36: 111.4 | AB36: 107.7 | AC36: 109.8 | AD36: 113.3
A37: Rural+Urban | B37: 2013 | C37: December | D37: 119.1 | E37: 116.7 | F37: 123.5 | G37: 113.4 | H37: 107.3 | I37: 113.3 | J37: 145.4 | K37: 108.7 | L37: 101.5 | M37: 110.5 | N37: 112.1 | O37: 117.4 | P37: 118.4 | Q37: 114 | R37: 115.2 | S37: 112.7 | T37: 114.8 | U37: 110.7 | V37: 111.9 | W37: 111.7 | X37: 109.7 | Y37: 109.8 | Z37: 109 | AA37: 111.5 | AB37: 107.9 | AC37: 110 | AD37: 114.5
A38: Rural | B38: 2014 | C38: January | D38: 118.9 | E38: 117.1 | F38: 120.5 | G38: 114.4 | H38: 109 | I38: 115.5 | J38: 123.9 | K38: 109.6 | L38: 101.8 | M38: 110.2 | N38: 112.4 | O38: 117.3 | P38: 116 | Q38: 114 | R38: 116.5 | S38: 114.5 | T38: 116.2 | U38: NA | V38: 113 | W38: 112.6 | X38: 110.6 | Y38: 110.5 | Z38: 109.6 | AA38: 111.8 | AB38: 108.3 | AC38: 110.6 | AD38: 114.2
A39: Urban | B39: 2014 | C39: January | D39: 121.2 | E39: 122 | F39: 129.9 | G39: 113.6 | H39: 102.9 | I39: 112.1 | J39: 118.9 | K39: 107.5 | L39: 96.9 | M39: 112.7 | N39: 112.1 | O39: 119 | P39: 115.5 | Q39: 115.7 | R39: 114.8 | S39: 111.3 | T39: 114.3 | U39: 111.6 | V39: 111 | W39: 111.9 | X39: 109.7 | Y39: 110.8 | Z39: 109.8 | AA39: 111.5 | AB39: 108 | AC39: 110.5 | AD39: 112.9
A40: Rural+Urban | B40: 2014 | C40: January | D40: 119.6 | E40: 118.8 | F40: 124.1 | G40: 114.1 | H40: 106.8 | I40: 113.9 | J40: 122.2 | K40: 108.9 | L40: 100.2 | M40: 111 | N40: 112.3 | O40: 118.1 | P40: 115.8 | Q40: 114.5 | R40: 115.8 | S40: 113.2 | T40: 115.4 | U40: 111.6 | V40: 112.2 | W40: 112.3 | X40: 110.3 | Y40: 110.7 | Z40: 109.7 | AA40: 111.6 | AB40: 108.2 | AC40: 110.6 | AD40: 113.6
A41: Rural | B41: 2014 | C41: February | D41: 119.4 | E41: 117.7 | F41: 121.2 | G41: 115 | H41: 109 | I41: 116.6 | J41: 116 | K41: 109.8 | L41: 101.1 | M41: 110.4 | N41: 112.9 | O41: 117.8 | P41: 115.3 | Q41: 114.2 | R41: 117.1 | S41: 114.5 | T41: 116.7 | U41: NA | V41: 113.2 | W41: 112.9 | X41: 110.9 | Y41: 110.8 | Z41: 109.9 | AA41: 112 | AB41: 108.7 | AC41: 110.9 | AD41: 114
A42: Urban | B42: 2014 | C42: February | D42: 121.9 | E42: 122 | F42: 124.5 | G42: 115.2 | H42: 102.5 | I42: 114.1 | J42: 111.5 | K42: 108.2 | L42: 95.4 | M42: 113.5 | N42: 112.1 | O42: 119.9 | P42: 115.2 | Q42: 116.2 | R42: 115.3 | S42: 111.7 | T42: 114.7 | U42: 112.5 | V42: 111.1 | W42: 112.6 | X42: 110.4 | Y42: 111.3 | Z42: 110.3 | AA42: 111.6 | AB42: 108.7 | AC42: 111 | AD42: 113.1
A43: Rural+Urban | B43: 2014 | C43: February | D43: 120.2 | E43: 119.2 | F43: 122.5 | G43: 115.1 | H43: 106.6 | I43: 115.4 | J43: 114.5 | K43: 109.3 | L43: 99.2 | M43: 111.4 | N43: 112.6 | O43: 118.8 | P43: 115.3 | Q43: 114.7 | R43: 116.4 | S43: 113.3 | T43: 115.9 | U43: 112.5 | V43: 112.4 | W43: 112.8 | X43: 110.7 | Y43: 111.1 | Z43: 110.1 | AA43: 111.8 | AB43: 108.7 | AC43: 110.9 | AD43: 113.6
A44: Rural | B44: 2014 | C44: March | D44: 120.1 | E44: 118.1 | F44: 120.7 | G44: 116.1 | H44: 109.3 | I44: 119.6 | J44: 117.9 | K44: 110.2 | L44: 101.2 | M44: 110.7 | N44: 113 | O44: 118.3 | P44: 116.2 | Q44: 114.6 | R44: 117.5 | S44: 114.9 | T44: 117.2 | U44: NA | V44: 113.4 | W44: 113.4 | X44: 111.4 | Y44: 111.2 | Z44: 110.2 | AA44: 112.4 | AB44: 108.9 | AC44: 111.3 | AD44: 114.6
A45: Urban | B45: 2014 | C45: March | D45: 122.1 | E45: 121.4 | F45: 121.5 | G45: 116.2 | H45: 102.8 | I45: 117.7 | J45: 113.3 | K45: 108.9 | L45: 96.3 | M45: 114.1 | N45: 112.2 | O45: 120.5 | P45: 116 | Q45: 116.7 | R45: 115.8 | S45: 112.1 | T45: 115.2 | U45: 113.2 | V45: 110.9 | W45: 113 | X45: 110.8 | Y45: 111.6 | Z45: 110.9 | AA45: 111.8 | AB45: 109.2 | AC45: 111.4 | AD45: 113.7
A46: Rural+Urban | B46: 2014 | C46: Marcrh | D46: 120.7 | E46: 119.3 | F46: 121 | G46: 116.1 | H46: 106.9 | I46: 118.7 | J46: 116.3 | K46: 109.8 | L46: 99.6 | M46: 111.8 | N46: 112.7 | O46: 119.3 | P46: 116.1 | Q46: 115.2 | R46: 116.8 | S46: 113.7 | T46: 116.4 | U46: 113.2 | V46: 112.5 | W46: 113.2 | X46: 111.2 | Y46: 111.4 | Z46: 110.6 | AA46: 112 | AB46: 109 | AC46: 111.3 | AD46: 114.2
A47: Rural | B47: 2014 | C47: April | D47: 120.2 | E47: 118.9 | F47: 118.1 | G47: 117 | H47: 109.7 | I47: 125.5 | J47: 120.5 | K47: 111 | L47: 102.6 | M47: 111.2 | N47: 113.5 | O47: 118.7 | P47: 117.2 | Q47: 115.4 | R47: 118.1 | S47: 116.1 | T47: 117.8 | U47: NA | V47: 113.4 | W47: 113.7 | X47: 111.8 | Y47: 111.2 | Z47: 110.5 | AA47: 113 | AB47: 108.9 | AC47: 111.5 | AD47: 115.4
A48: Urban | B48: 2014 | C48: April | D48: 122.5 | E48: 121.7 | F48: 113.3 | G48: 117 | H48: 103.1 | I48: 126.7 | J48: 121.2 | K48: 111 | L48: 100.3 | M48: 115.3 | N48: 112.7 | O48: 121 | P48: 118.2 | Q48: 117.6 | R48: 116.3 | S48: 112.5 | T48: 115.7 | U48: 113.9 | V48: 110.9 | W48: 113.4 | X48: 111 | Y48: 111.2 | Z48: 111.2 | AA48: 112.5 | AB48: 109.1 | AC48: 111.4 | AD48: 114.7
A49: Rural+Urban | B49: 2014 | C49: April | D49: 120.9 | E49: 119.9 | F49: 116.2 | G49: 117 | H49: 107.3 | I49: 126.1 | J49: 120.7 | K49: 111 | L49: 101.8 | M49: 112.6 | N49: 113.2 | O49: 119.8 | P49: 117.6 | Q49: 116 | R49: 117.4 | S49: 114.6 | T49: 117 | U49: 113.9 | V49: 112.5 | W49: 113.6 | X49: 111.5 | Y49: 111.2 | Z49: 110.9 | AA49: 112.7 | AB49: 109 | AC49: 111.5 | AD49: 115.1
A50: Rural | B50: 2014 | C50: May | D50: 120.3 | E50: 120.2 | F50: 116.9 | G50: 118 | H50: 110.1 | I50: 126.3 | J50: 123.9 | K50: 111.5 | L50: 103.5 | M50: 111.6 | N50: 114.2 | O50: 119.2 | P50: 118.2 | Q50: 116.3 | R50: 118.7 | S50: 116.8 | T50: 118.5 | U50: NA | V50: 113.4 | W50: 114.1 | X50: 112.1 | Y50: 111.4 | Z50: 110.9 | AA50: 113.1 | AB50: 108.9 | AC50: 111.8 | AD50: 116
A51: Urban | B51: 2014 | C51: May | D51: 122.7 | E51: 124.1 | F51: 114.2 | G51: 119.1 | H51: 103.5 | I51: 129.2 | J51: 127 | K51: 112.6 | L51: 101.3 | M51: 117 | N51: 112.9 | O51: 121.7 | P51: 120 | Q51: 118.3 | R51: 116.8 | S51: 112.9 | T51: 116.2 | U51: 114.3 | V51: 111.1 | W51: 114.1 | X51: 111.2 | Y51: 111.3 | Z51: 111.5 | AA51: 112.9 | AB51: 109.3 | AC51: 111.7 | AD51: 115.6
A52: Rural+Urban | B52: 2014 | C52: May | D52: 121.1 | E52: 121.6 | F52: 115.9 | G52: 118.4 | H52: 107.7 | I52: 127.7 | J52: 125 | K52: 111.9 | L52: 102.8 | M52: 113.4 | N52: 113.7 | O52: 120.4 | P52: 118.9 | Q52: 116.8 | R52: 118 | S52: 115.2 | T52: 117.6 | U52: 114.3 | V52: 112.5 | W52: 114.1 | X52: 111.8 | Y52: 111.3 | Z52: 111.2 | AA52: 113 | AB52: 109.1 | AC52: 111.8 | AD52: 115.8
A53: Rural | B53: 2014 | C53: June | D53: 120.7 | E53: 121.6 | F53: 116.1 | G53: 119.3 | H53: 110.3 | I53: 125.8 | J53: 129.3 | K53: 112.2 | L53: 103.6 | M53: 112.3 | N53: 114.9 | O53: 120.1 | P53: 119.5 | Q53: 117.3 | R53: 119.7 | S53: 117.3 | T53: 119.3 | U53: NA | V53: 114.4 | W53: 114.9 | X53: 112.8 | Y53: 112.2 | Z53: 111.4 | AA53: 114.3 | AB53: 108 | AC53: 112.3 | AD53: 117
A54: Urban | B54: 2014 | C54: June | D54: 123.1 | E54: 125.9 | F54: 115.4 | G54: 120.4 | H54: 103.4 | I54: 131.2 | J54: 137.5 | K54: 112.8 | L54: 101.4 | M54: 118.3 | N54: 113.2 | O54: 122.4 | P54: 122 | Q54: 119 | R54: 117.4 | S54: 113.2 | T54: 116.7 | U54: 113.9 | V54: 111.2 | W54: 114.3 | X54: 111.4 | Y54: 111.5 | Z54: 111.8 | AA54: 115.1 | AB54: 108.7 | AC54: 112.2 | AD54: 116.4
A55: Rural+Urban | B55: 2014 | C55: June | D55: 121.5 | E55: 123.1 | F55: 115.8 | G55: 119.7 | H55: 107.8 | I55: 128.3 | J55: 132.1 | K55: 112.4 | L55: 102.9 | M55: 114.3 | N55: 114.2 | O55: 121.2 | P55: 120.4 | Q55: 117.8 | R55: 118.8 | S55: 115.6 | T55: 118.3 | U55: 113.9 | V55: 113.2 | W55: 114.6 | X55: 112.3 | Y55: 111.8 | Z55: 111.6 | AA55: 114.8 | AB55: 108.3 | AC55: 112.3 | AD55: 116.7
A56: Rural | B56: 2014 | C56: July | D56: 121.7 | E56: 122.5 | F56: 117.7 | G56: 120.6 | H56: 110.4 | I56: 129.1 | J56: 150.1 | K56: 113.2 | L56: 104.8 | M56: 113.3 | N56: 115.6 | O56: 120.9 | P56: 123.3 | Q56: 118 | R56: 120.7 | S56: 118.3 | T56: 120.3 | U56: NA | V56: 115.3 | W56: 115.4 | X56: 113.4 | Y56: 113.2 | Z56: 111.8 | AA56: 115.5 | AB56: 108.8 | AC56: 113.1 | AD56: 119.5
A57: Urban | B57: 2014 | C57: July | D57: 123.8 | E57: 126.4 | F57: 118 | G57: 121.6 | H57: 103.5 | I57: 133.7 | J57: 172.4 | K57: 113.1 | L57: 102.7 | M57: 120 | N57: 113.8 | O57: 123.4 | P57: 127.1 | Q57: 121 | R57: 118 | S57: 113.6 | T57: 117.4 | U57: 114.8 | V57: 111.6 | W57: 114.9 | X57: 111.5 | Y57: 113 | Z57: 112.4 | AA57: 117.8 | AB57: 109.7 | AC57: 113.5 | AD57: 118.9
A58: Rural+Urban | B58: 2014 | C58: July | D58: 122.4 | E58: 123.9 | F58: 117.8 | G58: 121 | H58: 107.9 | I58: 131.2 | J58: 157.7 | K58: 113.2 | L58: 104.1 | M58: 115.5 | N58: 114.8 | O58: 122.1 | P58: 124.7 | Q58: 118.8 | R58: 119.6 | S58: 116.3 | T58: 119.1 | U58: 114.8 | V58: 113.9 | W58: 115.2 | X58: 112.7 | Y58: 113.1 | Z58: 112.1 | AA58: 116.8 | AB58: 109.2 | AC58: 113.3 | AD58: 119.2
A59: Rural | B59: 2014 | C59: August | D59: 121.8 | E59: 122.8 | F59: 117.8 | G59: 121.9 | H59: 110.6 | I59: 129.7 | J59: 161.1 | K59: 114.1 | L59: 105.1 | M59: 114.6 | N59: 115.8 | O59: 121.7 | P59: 125.3 | Q59: 118.8 | R59: 120.9 | S59: 118.8 | T59: 120.7 | U59: NA | V59: 115.4 | W59: 115.9 | X59: 114 | Y59: 113.2 | Z59: 112.2 | AA59: 116.2 | AB59: 109.4 | AC59: 113.5 | AD59: 120.7
A60: Urban | B60: 2014 | C60: August | D60: 124.8 | E60: 127.3 | F60: 116.5 | G60: 122.2 | H60: 103.6 | I60: 132.7 | J60: 181.9 | K60: 115.2 | L60: 102.7 | M60: 122.1 | N60: 114.4 | O60: 124.7 | P60: 128.9 | Q60: 123 | R60: 118.6 | S60: 114.1 | T60: 117.9 | U60: 115.5 | V60: 111.8 | W60: 115.3 | X60: 112.2 | Y60: 112.5 | Z60: 112.9 | AA60: 119.2 | AB60: 110.5 | AC60: 113.9 | AD60: 119.9
A61: Rural+Urban | B61: 2014 | C61: August | D61: 122.7 | E61: 124.4 | F61: 117.3 | G61: 122 | H61: 108 | I61: 131.1 | J61: 168.2 | K61: 114.5 | L61: 104.3 | M61: 117.1 | N61: 115.2 | O61: 123.1 | P61: 126.6 | Q61: 119.9 | R61: 120 | S61: 116.8 | T61: 119.6 | U61: 115.5 | V61: 114 | W61: 115.6 | X61: 113.3 | Y61: 112.8 | Z61: 112.6 | AA61: 118 | AB61: 109.9 | AC61: 113.7 | AD61: 120.3
A62: Rural | B62: 2014 | C62: September | D62: 122.3 | E62: 122.4 | F62: 117.8 | G62: 122.7 | H62: 110.4 | I62: 129.8 | J62: 158.8 | K62: 115 | L62: 104.7 | M62: 114.9 | N62: 116.5 | O62: 122.6 | P62: 125.3 | Q62: 119.5 | R62: 121.7 | S62: 119.2 | T62: 121.3 | U62: NA | V62: 115.8 | W62: 116.7 | X62: 114.5 | Y62: 112.8 | Z62: 112.6 | AA62: 116.6 | AB62: 109.1 | AC62: 113.7 | AD62: 120.9
A63: Urban | B63: 2014 | C63: September | D63: 124.2 | E63: 125.4 | F63: 116.4 | G63: 122.7 | H63: 103.5 | I63: 124.5 | J63: 168.6 | K63: 116.9 | L63: 101.9 | M63: 122.9 | N63: 114.8 | O63: 125.2 | P63: 126.7 | Q63: 124.3 | R63: 119.2 | S63: 114.5 | T63: 118.4 | U63: 116.1 | V63: 111.8 | W63: 115.5 | X63: 112.3 | Y63: 111.2 | Z63: 113.4 | AA63: 120 | AB63: 110 | AC63: 113.6 | AD63: 119.2
A64: Rural+Urban | B64: 2014 | C64: September | D64: 122.9 | E64: 123.5 | F64: 117.3 | G64: 122.7 | H64: 107.9 | I64: 127.3 | J64: 162.1 | K64: 115.6 | L64: 103.8 | M64: 117.6 | N64: 115.8 | O64: 123.8 | P64: 125.8 | Q64: 120.8 | R64: 120.7 | S64: 117.2 | T64: 120.1 | U64: 116.1 | V64: 114.3 | W64: 116.1 | X64: 113.7 | Y64: 112 | Z64: 113.1 | AA64: 118.6 | AB64: 109.5 | AC64: 113.7 | AD64: 120.1
A65: Rural | B65: 2014 | C65: October | D65: 122.6 | E65: 122.5 | F65: 118.3 | G65: 123.2 | H65: 110.5 | I65: 128.9 | J65: 155.3 | K65: 115.5 | L65: 104 | M65: 115.3 | N65: 116.8 | O65: 123.2 | P65: 125.1 | Q65: 120 | R65: 122.7 | S65: 120.3 | T65: 122.3 | U65: NA | V65: 116.4 | W65: 117.5 | X65: 115.3 | Y65: 112.6 | Z65: 113 | AA65: 116.9 | AB65: 109.3 | AC65: 114 | AD65: 121
A66: Urban | B66: 2014 | C66: October | D66: 124.6 | E66: 126.1 | F66: 117.8 | G66: 123.1 | H66: 103.5 | I66: 123.5 | J66: 159.6 | K66: 117.4 | L66: 101.2 | M66: 123.8 | N66: 115.2 | O66: 125.9 | P66: 125.8 | Q66: 124.3 | R66: 119.6 | S66: 114.9 | T66: 118.9 | U66: 116.7 | V66: 112 | W66: 115.8 | X66: 112.6 | Y66: 111 | Z66: 113.6 | AA66: 120.2 | AB66: 110.1 | AC66: 113.7 | AD66: 119.1
A67: Rural+Urban | B67: 2014 | C67: October | D67: 123.2 | E67: 123.8 | F67: 118.1 | G67: 123.2 | H67: 107.9 | I67: 126.4 | J67: 156.8 | K67: 116.1 | L67: 103.1 | M67: 118.1 | N67: 116.1 | O67: 124.5 | P67: 125.4 | Q67: 121.1 | R67: 121.5 | S67: 118.1 | T67: 121 | U67: 116.7 | V67: 114.7 | W67: 116.7 | X67: 114.3 | Y67: 111.8 | Z67: 113.3 | AA67: 118.8 | AB67: 109.6 | AC67: 113.9 | AD67: 120.1
A68: Rural | B68: 2014 | C68: November | D68: 122.7 | E68: 122.6 | F68: 119.9 | G68: 124 | H68: 110.5 | I68: 128.8 | J68: 152 | K68: 116.2 | L68: 103.3 | M68: 115.8 | N68: 116.8 | O68: 124.5 | P68: 124.9 | Q68: 120.8 | R68: 123.3 | S68: 120.5 | T68: 122.9 | U68: NA | V68: 117.3 | W68: 118.1 | X68: 115.9 | Y68: 112 | Z68: 113.3 | AA68: 117.2 | AB68: 108.8 | AC68: 114.1 | AD68: 121.1
A69: Urban | B69: 2014 | C69: November | D69: 124.5 | E69: 125.6 | F69: 122.7 | G69: 124.6 | H69: 103.2 | I69: 122.2 | J69: 153.2 | K69: 119.3 | L69: 99.8 | M69: 124.6 | N69: 115.8 | O69: 126.9 | P69: 125.4 | Q69: 125.8 | R69: 120.3 | S69: 115.4 | T69: 119.5 | U69: 117.1 | V69: 112.6 | W69: 116.4 | X69: 113 | Y69: 109.7 | Z69: 114 | AA69: 120.3 | AB69: 109.6 | AC69: 113.4 | AD69: 119
A70: Rural+Urban | B70: 2014 | C70: November | D70: 123.3 | E70: 123.7 | F70: 121 | G70: 124.2 | H70: 107.8 | I70: 125.7 | J70: 152.4 | K70: 117.2 | L70: 102.1 | M70: 118.7 | N70: 116.4 | O70: 125.6 | P70: 125.1 | Q70: 122.1 | R70: 122.1 | S70: 118.4 | T70: 121.6 | U70: 117.1 | V70: 115.5 | W70: 117.3 | X70: 114.8 | Y70: 110.8 | Z70: 113.7 | AA70: 119 | AB70: 109.1 | AC70: 113.8 | AD70: 120.1
A71: Rural | B71: 2014 | C71: December | D71: 122.4 | E71: 122.4 | F71: 121.8 | G71: 124.2 | H71: 110.2 | I71: 128.6 | J71: 140.3 | K71: 116.3 | L71: 102 | M71: 116 | N71: 117.3 | O71: 124.8 | P71: 123.3 | Q71: 121.7 | R71: 123.8 | S71: 120.6 | T71: 123.3 | U71: NA | V71: 117.4 | W71: 118.2 | X71: 116.2 | Y71: 111.5 | Z71: 113.3 | AA71: 117.7 | AB71: 109.4 | AC71: 114.2 | AD71: 120.3
A72: Urban | B72: 2014 | C72: December | D72: 124 | E72: 124.7 | F72: 126.3 | G72: 124.9 | H72: 103 | I72: 122.3 | J72: 141 | K72: 120.1 | L72: 97.8 | M72: 125.4 | N72: 116.1 | O72: 127.6 | P72: 124 | Q72: 126.4 | R72: 120.7 | S72: 115.8 | T72: 120 | U72: 116.5 | V72: 113 | W72: 116.8 | X72: 113.2 | Y72: 108.8 | Z72: 114.3 | AA72: 120.7 | AB72: 110.4 | AC72: 113.4 | AD72: 118.4
A73: Rural+Urban | B73: 2014 | C73: December | D73: 122.9 | E73: 123.2 | F73: 123.5 | G73: 124.5 | H73: 107.6 | I73: 125.7 | J73: 140.5 | K73: 117.6 | L73: 100.6 | M73: 119.1 | N73: 116.8 | O73: 126.1 | P73: 123.6 | Q73: 123 | R73: 122.6 | S73: 118.6 | T73: 122 | U73: 116.5 | V73: 115.7 | W73: 117.5 | X73: 115.1 | Y73: 110.1 | Z73: 113.9 | AA73: 119.5 | AB73: 109.8 | AC73: 113.8 | AD73: 119.4
A74: Rural | B74: 2015 | C74: January | D74: 123.1 | E74: 123.1 | F74: 122.1 | G74: 124.9 | H74: 111 | I74: 130.4 | J74: 132.3 | K74: 117.2 | L74: 100.5 | M74: 117.2 | N74: 117.9 | O74: 125.6 | P74: 122.8 | Q74: 122.7 | R74: 124.4 | S74: 121.6 | T74: 124 | U74: NA | V74: 118.4 | W74: 118.9 | X74: 116.6 | Y74: 111 | Z74: 114 | AA74: 118.2 | AB74: 110.2 | AC74: 114.5 | AD74: 120.3
A75: Urban | B75: 2015 | C75: January | D75: 124 | E75: 125.5 | F75: 126.6 | G75: 125.2 | H75: 104.3 | I75: 121.3 | J75: 134.4 | K75: 122.9 | L75: 96.1 | M75: 126.6 | N75: 116.5 | O75: 128 | P75: 123.5 | Q75: 127.4 | R75: 121 | S75: 116.1 | T75: 120.2 | U75: 117.3 | V75: 113.4 | W75: 117.2 | X75: 113.7 | Y75: 107.9 | Z75: 114.6 | AA75: 120.8 | AB75: 111.4 | AC75: 113.4 | AD75: 118.5
A76: Rural+Urban | B76: 2015 | C76: January | D76: 123.4 | E76: 123.9 | F76: 123.8 | G76: 125 | H76: 108.5 | I76: 126.2 | J76: 133 | K76: 119.1 | L76: 99 | M76: 120.3 | N76: 117.3 | O76: 126.7 | P76: 123.1 | Q76: 124 | R76: 123.1 | S76: 119.3 | T76: 122.5 | U76: 117.3 | V76: 116.5 | W76: 118.1 | X76: 115.5 | Y76: 109.4 | Z76: 114.3 | AA76: 119.7 | AB76: 110.7 | AC76: 114 | AD76: 119.5
A77: Rural | B77: 2015 | C77: February | D77: 123.4 | E77: 124.4 | F77: 122.1 | G77: 125.8 | H77: 111.5 | I77: 129.4 | J77: 128.2 | K77: 118.8 | L77: 100 | M77: 118.6 | N77: 118.8 | O77: 126.8 | P77: 122.8 | Q77: 124.2 | R77: 125.4 | S77: 122.7 | T77: 125 | U77: NA | V77: 120 | W77: 119.6 | X77: 117.7 | Y77: 110.9 | Z77: 114.8 | AA77: 118.7 | AB77: 110.8 | AC77: 115 | AD77: 120.6
A78: Urban | B78: 2015 | C78: February | D78: 124.3 | E78: 126.5 | F78: 119.5 | G78: 125.6 | H78: 104.9 | I78: 121.6 | J78: 131.8 | K78: 125.1 | L78: 95 | M78: 127.7 | N78: 116.8 | O78: 128.6 | P78: 123.7 | Q78: 128.1 | R78: 121.3 | S78: 116.5 | T78: 120.6 | U78: 118.1 | V78: 114 | W78: 117.7 | X78: 114.1 | Y78: 106.8 | Z78: 114.9 | AA78: 120.4 | AB78: 111.7 | AC78: 113.2 | AD78: 118.7
A79: Rural+Urban | B79: 2015 | C79: February | D79: 123.7 | E79: 125.1 | F79: 121.1 | G79: 125.7 | H79: 109.1 | I79: 125.8 | J79: 129.4 | K79: 120.9 | L79: 98.3 | M79: 121.6 | N79: 118 | O79: 127.6 | P79: 123.1 | Q79: 125.2 | R79: 123.8 | S79: 120.1 | T79: 123.3 | U79: 118.1 | V79: 117.7 | W79: 118.7 | X79: 116.3 | Y79: 108.7 | Z79: 114.9 | AA79: 119.7 | AB79: 111.2 | AC79: 114.1 | AD79: 119.7
A80: Rural | B80: 2015 | C80: March | D80: 123.3 | E80: 124.7 | F80: 118.9 | G80: 126 | H80: 111.8 | I80: 130.9 | J80: 128 | K80: 119.9 | L80: 98.9 | M80: 119.4 | N80: 118.9 | O80: 127.7 | P80: 123.1 | Q80: 124.7 | R80: 126 | S80: 122.9 | T80: 125.5 | U80: NA | V80: 120.6 | W80: 120.2 | X80: 118.2 | Y80: 111.6 | Z80: 115.5 | AA80: 119.4 | AB80: 110.8 | AC80: 115.5 | AD80: 121.1
A81: Urban | B81: 2015 | C81: March | D81: 124 | E81: 126.7 | F81: 113.5 | G81: 125.9 | H81: 104.8 | I81: 123.8 | J81: 131.4 | K81: 127.2 | L81: 93.2 | M81: 127.4 | N81: 117 | O81: 129.2 | P81: 123.9 | Q81: 128.8 | R81: 121.7 | S81: 116.9 | T81: 120.9 | U81: 118.6 | V81: 114.4 | W81: 118 | X81: 114.3 | Y81: 108.4 | Z81: 115.4 | AA81: 120.6 | AB81: 111.3 | AC81: 113.8 | AD81: 119.1
A82: Rural+Urban | B82: 2015 | C82: March | D82: 123.5 | E82: 125.4 | F82: 116.8 | G82: 126 | H82: 109.2 | I82: 127.6 | J82: 129.2 | K82: 122.4 | L82: 97 | M82: 122.1 | N82: 118.1 | O82: 128.4 | P82: 123.4 | Q82: 125.8 | R82: 124.3 | S82: 120.4 | T82: 123.7 | U82: 118.6 | V82: 118.3 | W82: 119.2 | X82: 116.7 | Y82: 109.9 | Z82: 115.4 | AA82: 120.1 | AB82: 111 | AC82: 114.7 | AD82: 120.2
A83: Rural | B83: 2015 | C83: April | D83: 123.3 | E83: 125.5 | F83: 117.2 | G83: 126.8 | H83: 111.9 | I83: 134.2 | J83: 127.5 | K83: 121.5 | L83: 97.8 | M83: 119.8 | N83: 119.4 | O83: 128.7 | P83: 123.6 | Q83: 125.7 | R83: 126.4 | S83: 123.3 | T83: 126 | U83: NA | V83: 121.2 | W83: 120.9 | X83: 118.6 | Y83: 111.9 | Z83: 116.2 | AA83: 119.9 | AB83: 111.6 | AC83: 116 | AD83: 121.5
A84: Urban | B84: 2015 | C84: April | D84: 123.8 | E84: 128.2 | F84: 110 | G84: 126.3 | H84: 104.5 | I84: 130.6 | J84: 130.8 | K84: 131.3 | L84: 91.6 | M84: 127.7 | N84: 117.2 | O84: 129.5 | P84: 124.6 | Q84: 130.1 | R84: 122.1 | S84: 117.2 | T84: 121.3 | U84: 119.2 | V84: 114.7 | W84: 118.4 | X84: 114.6 | Y84: 108.4 | Z84: 115.6 | AA84: 121.7 | AB84: 111.8 | AC84: 114.2 | AD84: 119.7
A85: Rural+Urban | B85: 2015 | C85: April | D85: 123.5 | E85: 126.4 | F85: 114.4 | G85: 126.6 | H85: 109.2 | I85: 132.5 | J85: 128.6 | K85: 124.8 | L85: 95.7 | M85: 122.4 | N85: 118.5 | O85: 129.1 | P85: 124 | Q85: 126.9 | R85: 124.7 | S85: 120.8 | T85: 124.1 | U85: 119.2 | V85: 118.7 | W85: 119.7 | X85: 117.1 | Y85: 110.1 | Z85: 115.9 | AA85: 121 | AB85: 111.7 | AC85: 115.1 | AD85: 120.7
A86: Rural | B86: 2015 | C86: May | D86: 123.5 | E86: 127.1 | F86: 117.3 | G86: 127.7 | H86: 112.5 | I86: 134.1 | J86: 128.5 | K86: 124.3 | L86: 97.6 | M86: 120.7 | N86: 120.2 | O86: 129.8 | P86: 124.4 | Q86: 126.7 | R86: 127.3 | S86: 124.1 | T86: 126.8 | U86: NA | V86: 121.9 | W86: 121.5 | X86: 119.4 | Y86: 113.3 | Z86: 116.7 | AA86: 120.5 | AB86: 112.3 | AC86: 116.9 | AD86: 122.4
A87: Urban | B87: 2015 | C87: May | D87: 123.8 | E87: 129.7 | F87: 111.3 | G87: 126.6 | H87: 105.2 | I87: 130.8 | J87: 135.6 | K87: 142.6 | L87: 90.8 | M87: 128.8 | N87: 117.7 | O87: 129.9 | P87: 126.1 | Q87: 131.3 | R87: 122.4 | S87: 117.4 | T87: 121.6 | U87: 119.6 | V87: 114.9 | W87: 118.7 | X87: 114.9 | Y87: 110.8 | Z87: 116 | AA87: 122 | AB87: 112.4 | AC87: 115.2 | AD87: 120.7
A88: Rural+Urban | B88: 2015 | C88: May | D88: 123.6 | E88: 128 | F88: 115 | G88: 127.3 | H88: 109.8 | I88: 132.6 | J88: 130.9 | K88: 130.5 | L88: 95.3 | M88: 123.4 | N88: 119.2 | O88: 129.8 | P88: 125 | Q88: 127.9 | R88: 125.4 | S88: 121.3 | T88: 124.7 | U88: 119.6 | V88: 119.2 | W88: 120.2 | X88: 117.7 | Y88: 112 | Z88: 116.3 | AA88: 121.4 | AB88: 112.3 | AC88: 116.1 | AD88: 121.6
A89: Rural | B89: 2015 | C89: June | D89: 124.1 | E89: 130.4 | F89: 122.1 | G89: 128.7 | H89: 114.1 | I89: 133.2 | J89: 135.2 | K89: 131.9 | L89: 96.3 | M89: 123 | N89: 121.1 | O89: 131.2 | P89: 126.6 | Q89: 128.2 | R89: 128.4 | S89: 125.1 | T89: 128 | U89: NA | V89: 122.6 | W89: 122.8 | X89: 120.4 | Y89: 114.2 | Z89: 117.9 | AA89: 122 | AB89: 113 | AC89: 117.9 | AD89: 124.1
A90: Urban | B90: 2015 | C90: June | D90: 123.6 | E90: 134.4 | F90: 120.9 | G90: 127.3 | H90: 106 | I90: 132.3 | J90: 146.7 | K90: 148.1 | L90: 89.8 | M90: 130.5 | N90: 118 | O90: 130.5 | P90: 128.5 | Q90: 132.1 | R90: 123.2 | S90: 117.6 | T90: 122.3 | U90: 119 | V90: 115.1 | W90: 119.2 | X90: 115.4 | Y90: 111.7 | Z90: 116.2 | AA90: 123.8 | AB90: 112.5 | AC90: 116 | AD90: 121.7
A91: Rural+Urban | B91: 2015 | C91: June | D91: 123.9 | E91: 131.8 | F91: 121.6 | G91: 128.2 | H91: 111.1 | I91: 132.8 | J91: 139.1 | K91: 137.4 | L91: 94.1 | M91: 125.5 | N91: 119.8 | O91: 130.9 | P91: 127.3 | Q91: 129.2 | R91: 126.4 | S91: 122 | T91: 125.7 | U91: 119 | V91: 119.8 | W91: 121.1 | X91: 118.5 | Y91: 112.9 | Z91: 116.9 | AA91: 123.1 | AB91: 112.8 | AC91: 117 | AD91: 123
A92: Rural | B92: 2015 | C92: July | D92: 124 | E92: 131.5 | F92: 122 | G92: 128.7 | H92: 113.5 | I92: 133.3 | J92: 140.8 | K92: 133.8 | L92: 94.1 | M92: 123.4 | N92: 121 | O92: 131.7 | P92: 127.5 | Q92: 129.4 | R92: 128.8 | S92: 125.5 | T92: 128.3 | U92: NA | V92: 123 | W92: 123 | X92: 120.8 | Y92: 114.1 | Z92: 118 | AA92: 122.9 | AB92: 112.7 | AC92: 118.1 | AD92: 124.7
A93: Urban | B93: 2015 | C93: July | D93: 123.2 | E93: 134.3 | F93: 119.5 | G93: 127.7 | H93: 106.3 | I93: 132.8 | J93: 153.5 | K93: 149.5 | L93: 85.7 | M93: 131.5 | N93: 118.3 | O93: 131.1 | P93: 129.5 | Q93: 133.1 | R93: 123.5 | S93: 117.9 | T93: 122.7 | U93: 119.9 | V93: 115.3 | W93: 119.5 | X93: 116 | Y93: 111.5 | Z93: 116.6 | AA93: 125.4 | AB93: 111.7 | AC93: 116.3 | AD93: 122.4
A94: Rural+Urban | B94: 2015 | C94: July | D94: 123.7 | E94: 132.5 | F94: 121 | G94: 128.3 | H94: 110.9 | I94: 133.1 | J94: 145.1 | K94: 139.1 | L94: 91.3 | M94: 126.1 | N94: 119.9 | O94: 131.4 | P94: 128.2 | Q94: 130.4 | R94: 126.7 | S94: 122.3 | T94: 126.1 | U94: 119.9 | V94: 120.1 | W94: 121.3 | X94: 119 | Y94: 112.7 | Z94: 117.2 | AA94: 124.4 | AB94: 112.3 | AC94: 117.2 | AD94: 123.6
A95: Rural | B95: 2015 | C95: August | D95: 124.7 | E95: 131.3 | F95: 121.3 | G95: 128.8 | H95: 114 | I95: 134.2 | J95: 153.6 | K95: 137.9 | L95: 93.1 | M95: 123.9 | N95: 121.5 | O95: 132.5 | P95: 129.8 | Q95: 130.1 | R95: 129.5 | S95: 126.3 | T95: 129 | U95: NA | V95: 123.8 | W95: 123.7 | X95: 121.1 | Y95: 113.6 | Z95: 118.5 | AA95: 123.6 | AB95: 112.5 | AC95: 118.2 | AD95: 126.1
A96: Urban | B96: 2015 | C96: August | D96: 123.1 | E96: 131.7 | F96: 118.1 | G96: 128 | H96: 106.8 | I96: 130.1 | J96: 165.5 | K96: 156 | L96: 85.3 | M96: 132.7 | N96: 118.8 | O96: 131.7 | P96: 131.1 | Q96: 134.2 | R96: 123.7 | S96: 118.2 | T96: 122.9 | U96: 120.9 | V96: 115.3 | W96: 120 | X96: 116.6 | Y96: 109.9 | Z96: 117.2 | AA96: 126.2 | AB96: 112 | AC96: 116.2 | AD96: 123.2
A97: Rural+Urban | B97: 2015 | C97: August | D97: 124.2 | E97: 131.4 | F97: 120.1 | G97: 128.5 | H97: 111.4 | I97: 132.3 | J97: 157.6 | K97: 144 | L97: 90.5 | M97: 126.8 | N97: 120.4 | O97: 132.1 | P97: 130.3 | Q97: 131.2 | R97: 127.2 | S97: 122.9 | T97: 126.6 | U97: 120.9 | V97: 120.6 | W97: 122 | X97: 119.4 | Y97: 111.7 | Z97: 117.8 | AA97: 125.1 | AB97: 112.3 | AC97: 117.2 | AD97: 124.8
A98: Rural | B98: 2015 | C98: September | D98: 125.1 | E98: 131.1 | F98: 120.7 | G98: 129.2 | H98: 114.7 | I98: 132.3 | J98: 158.9 | K98: 142.1 | L98: 92.5 | M98: 125.4 | N98: 121.9 | O98: 132.7 | P98: 131 | Q98: 131 | R98: 130.4 | S98: 126.8 | T98: 129.9 | U98: NA | V98: 123.7 | W98: 124.5 | X98: 121.4 | Y98: 113.8 | Z98: 119.6 | AA98: 124.5 | AB98: 113.7 | AC98: 118.8 | AD98: 127
A99: Urban | B99: 2015 | C99: September | D99: 123.4 | E99: 129 | F99: 115.6 | G99: 128.3 | H99: 107 | I99: 124 | J99: 168.5 | K99: 165.4 | L99: 86.3 | M99: 134.4 | N99: 119.1 | O99: 132.3 | P99: 131.5 | Q99: 134.7 | R99: 124 | S99: 118.6 | T99: 123.2 | U99: 121.6 | V99: 115.1 | W99: 120.4 | X99: 117.1 | Y99: 109.1 | Z99: 117.3 | AA99: 126.5 | AB99: 112.9 | AC99: 116.2 | AD99: 123.5
A100: Rural+Urban | B100: 2015 | C100: September | D100: 124.6 | E100: 130.4 | F100: 118.7 | G100: 128.9 | H100: 111.9 | I100: 128.4 | J100: 162.2 | K100: 150 | L100: 90.4 | M100: 128.4 | N100: 120.7 | O100: 132.5 | P100: 131.2 | Q100: 132 | R100: 127.9 | S100: 123.4 | T100: 127.2 | U100: 121.6 | V100: 120.4 | W100: 122.6 | X100: 119.8 | Y100: 111.3 | Z100: 118.3 | AA100: 125.7 | AB100: 113.4 | AC100: 117.5 | AD100: 125.4
...

Sheet Data Cleaning
A1: Data Cleaning
A3: 1. Checked Data Type
A4: 2. Checked For Blankspaces using CountBlank Function
A5: 3. Created a New Sheet which only have Rural+Urban Sector do carry out further analysis smoothly
A6: 4. Created a Date Column
A7: 5. Created Covid Period Column by the help of IF Function
A8: 6. Created a New Sheet for Broder Category Mapping & CPI Infaltion Index per Broder Category
A9: 7. Replaced the NA with the Mean

Sheet Data for R+U
A1: Sector | B1: Year | C1: Month | D1: Date | E1: Covid Period | F1: Cereals and products | G1: Meat and fish | H1: Egg | I1: Milk and products | J1: Oils and fats | K1: Fruits | L1: Vegetables | M1: Pulses and products | N1: Sugar and Confectionery | O1: Spices | P1: Non-alcoholic beverages | Q1: Prepared meals, snacks, sweets etc. | R1: Food and beverages | S1: Pan, tobacco and intoxicants | T1: Clothing | U1: Footwear | V1: Clothing and footwear | W1: Housing | X1: Fuel and light | Y1: Household goods and services | Z1: Health | AA1: Transport and communication | AB1: Recreation and amusement | AC1: Education | AD1: Personal care and effects | AE1: Miscellaneous | AF1: General index
A2: Rural+Urban | B2: 2013 | C2: January | D2: 41275 | E2: =IF(D2<DATE(2020,3,1),"Pre-Covid","Post-Covid") -> Pre-Covid | F2: 108.4 | G2: 107.3 | H2: 110 | I2: 104.4 | J2: 105.1 | K2: 103.2 | L2: 102.2 | M2: 106 | N2: 106.2 | O2: 102.7 | P2: 104.9 | Q2: 107.3 | R2: 105.6 | S2: 105.1 | T2: 106.3 | U2: 105.5 | V2: 106.2 | W2: 100.3 | X2: 105.5 | Y2: 104.8 | Z2: 104 | AA2: 103.2 | AB2: 103.1 | AC2: 103.6 | AD2: 104.5 | AE2: 103.9 | AF2: 104.6
A3: Rural+Urban | B3: 2013 | C3: February | D3: 41306 | E3: =IF(D3<DATE(2020,3,1),"Pre-Covid","Post-Covid") -> Pre-Covid | F3: 110.4 | G3: 110.2 | H3: 112.8 | I3: 104.9 | J3: 105.5 | K3: 103.6 | L3: 103.2 | M3: 105.3 | N3: 105.1 | O3: 102.8 | P3: 105.5 | Q3: 108.3 | R3: 106.6 | S3: 105.7 | T3: 106.9 | U3: 106 | V3: 106.8 | W3: 100.4 | X3: 106 | Y3: 105.2 | Z3: 104.5 | AA3: 104.2 | AB3: 103.6 | AC3: 103.9 | AD3: 104.5 | AE3: 104.4 | AF3: 105.3
A4: Rural+Urban | B4: 2013 | C4: March | D4: 41334 | E4: =IF(D4<DATE(2020,3,1),"Pre-Covid","Post-Covid") -> Pre-Covid | F4: 111.4 | G4: 109.7 | H4: 111.2 | I4: 105.1 | J4: 104.9 | K4: 105.3 | L4: 102.2 | M4: 105 | N4: 104.2 | O4: 103 | P4: 106.2 | Q4: 108.9 | R4: 106.9 | S4: 106.6 | T4: 107.4 | U4: 106.5 | V4: 107.3 | W4: 100.4 | X4: 106.1 | Y4: 105.6 | Z4: 104.9 | AA4: 105.1 | AB4: 103.7 | AC4: 104 | AD4: 104.3 | AE4: 104.7 | AF4: 105.5
A5: Rural+Urban | B5: 2013 | C5: April | D5: 41365 | E5: =IF(D5<DATE(2020,3,1),"Pre-Covid","Post-Covid") -> Pre-Covid | F5: 111.6 | G5: 110.9 | H5: 106.6 | I5: 105.7 | J5: 104.4 | K5: 108.9 | L5: 105.5 | M5: 105.3 | N5: 103.5 | O5: 103.3 | P5: 107.2 | Q5: 109.6 | R5: 107.7 | S5: 107.5 | T5: 108 | U5: 107 | V5: 107.9 | W5: 100.5 | X5: 106.5 | Y5: 106.3 | Z5: 105.3 | AA5: 104.7 | AB5: 104.2 | AC5: 105 | AD5: 102.9 | AE5: 104.8 | AF5: 106.1
A6: Rural+Urban | B6: 2013 | C6: May | D6: 41395 | E6: =IF(D6<DATE(2020,3,1),"Pre-Covid","Post-Covid") -> Pre-Covid | F6: 112.3 | G6: 111.3 | H6: 104.7 | I6: 106.8 | J6: 103.9 | K6: 109.3 | L6: 112.9 | M6: 105.8 | N6: 103.1 | O6: 104.3 | P6: 108.1 | Q6: 110.5 | R6: 109.2 | S6: 108.6 | T6: 108.7 | U6: 107.4 | V6: 108.5 | W6: 100.5 | X6: 107.4 | Y6: 106.9 | Z6: 105.9 | AA6: 104 | AB6: 104.8 | AC6: 105.6 | AD6: 102.3 | AE6: 104.8 | AF6: 106.9
A7: Rural+Urban | B7: 2013 | C7: June | D7: 41426 | E7: =IF(D7<DATE(2020,3,1),"Pre-Covid","Post-Covid") -> Pre-Covid | F7: 113.8 | G7: 114.9 | H7: 109.8 | I7: 107.9 | J7: 104.2 | K7: 110.7 | L7: 126.7 | M7: 106.3 | N7: 103.2 | O7: 105.7 | P7: 109 | Q7: 111.6 | R7: 112.2 | S7: 109.5 | T7: 109.5 | U7: 108.1 | V7: 109.3 | W7: 106.6 | X7: 108.3 | Y7: 107.6 | Z7: 106.4 | AA7: 105.1 | AB7: 105.4 | AC7: 107.4 | AD7: 102.8 | AE7: 105.8 | AF7: 109.3
A8: Rural+Urban | B8: 2013 | C8: July | D8: 41456 | E8: =IF(D8<DATE(2020,3,1),"Pre-Covid","Post-Covid") -> Pre-Covid | F8: 114.8 | G8: 116.4 | H8: 111.9 | I8: 108.9 | J8: 104.3 | K8: 111.7 | L8: 140 | M8: 106.4 | N8: 103.3 | O8: 106.8 | P8: 109.6 | Q8: 112.6 | R8: 114.7 | S8: 110.3 | T8: 110.2 | U8: 108.8 | V8: 110 | W8: 107.7 | X8: 109.2 | Y8: 108.2 | Z8: 107 | AA8: 107.1 | AB8: 106.1 | AC8: 109.1 | AD8: 102.8 | AE8: 106.9 | AF8: 111
A9: Rural+Urban | B9: 2013 | C9: August | D9: 41487 | E9: =IF(D9<DATE(2020,3,1),"Pre-Covid","Post-Covid") -> Pre-Covid | F9: 115.6 | G9: 117.2 | H9: 111.7 | I9: 109.6 | J9: 104.5 | K9: 109.8 | L9: 151.8 | M9: 106.5 | N9: 103.1 | O9: 107.4 | P9: 110.2 | Q9: 113.4 | R9: 116.6 | S9: 111.2 | T9: 111 | U9: 109.4 | V9: 110.7 | W9: 108.9 | X9: 109.7 | Y9: 108.7 | Z9: 107.5 | AA9: 108 | AB9: 106.6 | AC9: 109.9 | AD9: 105.4 | AE9: 107.9 | AF9: 112.4
A10: Rural+Urban | B10: 2013 | C10: September | D10: 41518 | E10: =IF(D10<DATE(2020,3,1),"Pre-Covid","Post-Covid") -> Pre-Covid | F10: 116.4 | G10: 116.9 | H10: 112.3 | I10: 110.5 | J10: 105.3 | K10: 107.3 | L10: 160.9 | M10: 107.1 | N10: 103.1 | O10: 108.3 | P10: 110.7 | Q10: 114.6 | R10: 118.3 | S10: 112 | T10: 112.2 | U10: 110.4 | V10: 111.9 | W10: 109.7 | X10: 110.5 | Y10: 109.6 | Z10: 108.1 | AA10: 109.9 | AB10: 107.5 | AC10: 110.6 | AD10: 106.8 | AE10: 109 | AF10: 113.7
A11: Rural+Urban | B11: 2013 | C11: October | D11: 41548 | E11: =IF(D11<DATE(2020,3,1),"Pre-Covid","Post-Covid") -> Pre-Covid | F11: 117.1 | G11: 116.3 | H11: 113.3 | I11: 111.2 | J11: 105.7 | K11: 109.9 | L11: 171.2 | M11: 107.3 | N11: 102.7 | O11: 108.7 | P11: 111.2 | Q11: 115.4 | R11: 120.2 | S11: 112.5 | T11: 113.2 | U11: 111.2 | V11: 112.8 | W11: 110.5 | X11: 110.9 | Y11: 110.3 | Z11: 108.6 | AA11: 109.5 | AB11: 108.1 | AC11: 110.8 | AD11: 107.4 | AE11: 109.2 | AF11: 114.8
A12: Rural+Urban | B12: 2013 | C12: November | D12: 41579 | E12: =IF(D12<DATE(2020,3,1),"Pre-Covid","Post-Covid") -> Pre-Covid | F12: 118.1 | G12: 115.4 | H12: 118.7 | I12: 112.5 | J12: 106.8 | K12: 113.5 | L12: 183.1 | M12: 108.2 | N12: 102.2 | O12: 109.4 | P12: 111.8 | Q12: 116.5 | R12: 122.6 | S12: 113.1 | T12: 114.2 | U12: 111.9 | V12: 113.8 | W12: 111.1 | X12: 111.6 | Y12: 111.1 | Z12: 109.3 | AA12: 109.5 | AB12: 108.6 | AC12: 111.2 | AD12: 108.1 | AE12: 109.7 | AF12: 116.3
A13: Rural+Urban | B13: 2013 | C13: December | D13: 41609 | E13: =IF(D13<DATE(2020,3,1),"Pre-Covid","Post-Covid") -> Pre-Covid | F13: 119.1 | G13: 116.7 | H13: 123.5 | I13: 113.4 | J13: 107.3 | K13: 113.3 | L13: 145.4 | M13: 108.7 | N13: 101.5 | O13: 110.5 | P13: 112.1 | Q13: 117.4 | R13: 118.4 | S13: 114 | T13: 115.2 | U13: 112.7 | V13: 114.8 | W13: 110.7 | X13: 111.9 | Y13: 111.7 | Z13: 109.7 | AA13: 109.8 | AB13: 109 | AC13: 111.5 | AD13: 107.9 | AE13: 110 | AF13: 114.5
... A87: Rural+Urban | B87: 2020 | C87: March | D87: 43891 | E87: =IF(D87<DATE(2020,3,1),"Pre-Covid","Post-Covid") -> Post-Covid | F87: 145.1 | G87: 167 | H87: 148.1 | I87: 151.5 | J87: 131.2 | K87: 142.5 | L87: 157.3 | M87: 141.1 | N87: 113.2 | O87: 153.2 | P87: 136.7 | Q87: 159.6 | R87: 148.9 | S87: 171.2 | T87: 151.2 | U87: 141.9 | V87: 149.8 | W87: 154.5 | X87: 148.9 | Y87: 146.4 | Z87: 152.3 | AA87: 129.9 | AB87: 143.7 | AC87: 156.1 | AD87: 145.2 | AE87: 143.8 | AF87: 148.6
A88: Rural+Urban | B88: 2020 | C88: April | D88: 43922 | E88: =IF(D88<DATE(2020,3,1),"Pre-Covid","Post-Covid") -> Post-Covid | F88: 148.7 | H88: 148.8 | I88: 155.6 | J88: 135.1 | K88: 149.9 | L88: 168.6 | M88: 150.4 | N88: 120.3 | O88: 157.1 | P88: 136.8 | Q88: 137.37674 | R88: 151.4 | S88: 139.18721 | T88: 132.41395 | U88: 126.7686 | V88: 131.58953 | W88: 155.6 | X88: 144.1 | Y88: 126.9814 | Z88: 150.7 | AA88: 115.9314 | AB88: 122.86977 | AC88: 130.56744 | AD88: 120.18605 | AE88: 122.81395 | AF88: 128.57558
A89: Rural+Urban | B89: 2020 | C89: May | D89: 43952 | E89: =IF(D89<DATE(2020,3,1),"Pre-Covid","Post-Covid") -> Post-Covid | F89: 129.14483 | G89: 136.54419 | H89: 128.14598 | I89: 131.2908 | J89: 115.42759 | K89: 132.95747 | L89: 145.63218 | M89: 132.22989 | N89: 107.9092 | O89: 129.80575 | P89: 123.5046 | Q89: 137.37674 | R89: 131.81264 | S89: 139.18721 | T89: 132.41395 | U89: 126.7686 | V89: 131.58953 | W89: 128.85517 | X89: 125.94368 | Y89: 126.9814 | Z89: 126.27356 | AA89: 115.9314 | AB89: 122.86977 | AC89: 130.56744 | AD89: 120.18605 | AE89: 122.81395 | AF89: 128.57558
A90: Rural+Urban | B90: 2020 | C90: June | D90: 43983 | E90: =IF(D90<DATE(2020,3,1),"Pre-Covid","Post-Covid") -> Post-Covid | F90: 149.6 | G90: 192.7 | H90: 151.4 | I90: 153.3 | J90: 136.3 | K90: 147.2 | L90: 156.5 | M90: 150.9 | N90: 114.2 | O90: 159.5 | P90: 139.4 | Q90: 161.8 | R90: 154 | S90: 183.5 | T90: 152.5 | U90: 144.4 | V90: 151.4 | W90: 154.7 | X90: 141.9 | Y90: 146.4 | Z90: 154.4 | AA90: 135 | AB90: 148.3 | AC90: 156.4 | AD90: 151.6 | AE90: 147 | AF90: 151.8
A91: Rural+Urban | B91: 2020 | C91: July | D91: 44013 | E91: =IF(D91<DATE(2020,3,1),"Pre-Covid","Post-Covid") -> Post-Covid | F91: 149.6 | G91: 192.7 | H91: 151.4 | I91: 153.3 | J91: 136.3 | K91: 147.2 | L91: 156.5 | M91: 150.9 | N91: 114.2 | O91: 159.5 | P91: 139.4 | Q91: 161.8 | R91: 154 | S91: 183.5 | T91: 152.5 | U91: 144.4 | V91: 151.4 | W91: 154.7 | X91: 141.9 | Y91: 146.4 | Z91: 154.4 | AA91: 135 | AB91: 148.3 | AC91: 156.4 | AD91: 151.6 | AE91: 147 | AF91: 151.8
A92: Rural+Urban | B92: 2020 | C92: August | D92: 44044 | E92: =IF(D92<DATE(2020,3,1),"Pre-Covid","Post-Covid") -> Post-Covid | F92: 148.9 | G92: 190.9 | H92: 150.8 | I92: 153.3 | J92: 137.4 | K92: 150.4 | L92: 178.1 | M92: 150.4 | N92: 115.1 | O92: 160 | P92: 140.6 | Q92: 162.3 | R92: 157 | S92: 182.6 | T92: 153.1 | U92: 143.4 | V92: 151.7 | W92: 155.5 | X92: 143 | Y92: 148.4 | Z92: 155 | AA92: 138.5 | AB92: 146 | AC92: 158.5 | AD92: 154.3 | AE92: 149 | AF92: 153.9
A93: Rural+Urban | B93: 2020 | C93: September | D93: 44075 | E93: =IF(D93<DATE(2020,3,1),"Pre-Covid","Post-Covid") -> Post-Covid | F93: 148.4 | G93: 187.1 | H93: 152.5 | I93: 153.6 | J93: 138.2 | K93: 150.9 | L93: 186.7 | M93: 149.8 | N93: 116.4 | O93: 160.3 | P93: 142.2 | Q93: 162.9 | R93: 158 | S93: 184.4 | T93: 153.4 | U93: 144.3 | V93: 152 | W93: 156.3 | X93: 142.9 | Y93: 148.7 | Z93: 155.6 | AA93: 139.6 | AB93: 146.6 | AC93: 157.5 | AD93: 158.4 | AE93: 150 | AF93: 154.7
A94: Rural+Urban | B94: 2020 | C94: October | D94: 44105 | E94: =IF(D94<DATE(2020,3,1),"Pre-Covid","Post-Covid") -> Post-Covid | F94: 147.5 | G94: 188.9 | H94: 161.4 | I94: 153.6 | J94: 140.1 | K94: 151.2 | L94: 209.2 | M94: 150.9 | N94: 116.2 | O94: 161 | P94: 144 | Q94: 163.2 | R94: 161.4 | S94: 184.3 | T94: 153.7 | U94: 144.6 | V94: 152.3 | W94: 156.5 | X94: 143.1 | Y94: 148.7 | Z94: 156.3 | AA94: 140.6 | AB94: 146.5 | AC94: 158.5 | AD94: 157 | AE94: 150.4 | AF94: 156.4
A95: Rural+Urban | B95: 2020 | C95: November | D95: 44136 | E95: =IF(D95<DATE(2020,3,1),"Pre-Covid","Post-Covid") -> Post-Covid | F95: 146.8 | G95: 191 | H95: 173.6 | I95: 153.8 | J95: 142.7 | K95: 148.4 | L95: 230 | M95: 156.8 | N95: 115.7 | O95: 161.8 | P95: 146.5 | Q95: 163.8 | R95: 164.7 | S95: 184.8 | T95: 154.3 | U95: 144.9 | V95: 152.8 | W95: 158 | X95: 143.6 | Y95: 149.2 | Z95: 157.2 | AA95: 140.4 | AB95: 148.4 | AC95: 158.6 | AD95: 156.9 | AE95: 150.7 | AF95: 158.4
A96: Rural+Urban | B96: 2020 | C96: December | D96: 44166 | E96: =IF(D96<DATE(2020,3,1),"Pre-Covid","Post-Covid") -> Post-Covid | F96: 146 | G96: 191 | H96: 175.3 | I96: 154.1 | J96: 146.6 | K96: 147.7 | L96: 230.5 | M96: 160.2 | N96: 115.3 | O96: 163 | P96: 149.2 | Q96: 164.8 | R96: 165.4 | S96: 185.4 | T96: 155 | U96: 145.4 | V96: 153.6 | W96: 158.4 | X96: 144.6 | Y96: 149.7 | Z96: 158.3 | AA96: 140.7 | AB96: 148.5 | AC96: 159.4 | AD96: 157.1 | AE96: 151.2 | AF96: 158.9
A97: Rural+Urban | B97: 2021 | C97: January | D97: 44197 | E97: =IF(D97<DATE(2020,3,1),"Pre-Covid","Post-Covid") -> Post-Covid | F97: 144.9 | G97: 190.1 | H97: 175.3 | I97: 154.1 | J97: 150.9 | K97: 149.6 | L97: 194.2 | M97: 160.4 | N97: 114.6 | O97: 164 | P97: 151.8 | Q97: 165.6 | R97: 161 | S97: 186.5 | T97: 155.5 | U97: 146.1 | V97: 154.2 | W97: 157.7 | X97: 147.9 | Y97: 150 | Z97: 159.3 | AA97: 141.9 | AB97: 149.6 | AC97: 159.2 | AD97: 156.8 | AE97: 151.9 | AF97: 157.3
A98: Rural+Urban | B98: 2021 | C98: February | D98: 44228 | E98: =IF(D98<DATE(2020,3,1),"Pre-Covid","Post-Covid") -> Post-Covid | F98: 144.3 | G98: 186.5 | H98: 168.7 | I98: 154.7 | J98: 158.7 | K98: 150.7 | L98: 160 | M98: 158.8 | N98: 112.8 | O98: 164.2 | P98: 155.5 | Q98: 167.5 | R98: 156.9 | S98: 188.3 | T98: 157.2 | U98: 147.4 | V98: 155.8 | W98: 159.8 | X98: 152.4 | Y98: 150.9 | Z98: 161.3 | AA98: 145.1 | AB98: 151.5 | AC98: 159.5 | AD98: 155.8 | AE98: 153.4 | AF98: 156.6
A99: Rural+Urban | B99: 2021 | C99: March | D99: 44256 | E99: =IF(D99<DATE(2020,3,1),"Pre-Covid","Post-Covid") -> Post-Covid | F99: 144.1 | G99: 192.2 | H99: 163.8 | I99: 154.9 | J99: 163.9 | K99: 153.7 | L99: 149.5 | M99: 159.8 | N99: 112.6 | O99: 163.5 | P99: 156.5 | Q99: 168.2 | R99: 156.7 | S99: 188.1 | T99: 157.8 | U99: 147.9 | V99: 156.4 | W99: 159.9 | X99: 155.5 | Y99: 151.2 | Z99: 161.7 | AA99: 146.2 | AB99: 152.6 | AC99: 160.2 | AD99: 153.8 | AE99: 153.8 | AF99: 156.8
A100: Rural+Urban | B100: 2021 | C100: April | D100: 44287 | E100: =IF(D100<DATE(2020,3,1),"Pre-Covid","Post-Covid") -> Post-Covid | F100: 144.3 | G100: 198 | H100: 164.6 | I100: 155.4 | J100: 170.1 | K100: 164.4 | L100: 144.1 | M100: 161.7 | N100: 113.1 | O100: 163.9 | P100: 157.6 | Q100: 168.9 | R100: 158 | S100: 188.8 | T100: 158.8 | U100: 148.5 | V100: 157.3 | W100: 161.4 | X100: 155.6 | Y100: 151.8 | Z100: 162.3 | AA100: 146.6 | AB100: 153.2 | AC100: 160.3 | AD100: 155.4 | AE100: 154.4 | AF100: 157.8
... A125: Rural+Urban | B125: 2023 | C125: May | D125: 45047 | E125: =IF(D125<DATE(2020,3,1),"Pre-Covid","Post-Covid") -> Post-Covid | F125: 173.7 | G125: 214.3 | H125: 173.2 | I125: 179.5 | J125: 170 | K125: 172.2 | L125: 161 | M125: 175.6 | N125: 122.7 | O125: 218 | P125: 173.4 | Q125: 194.2 | R125: 179.1 | S125: 201 | T125: 187.3 | U125: 179.7 | V125: 186.2 | W125: 175.6 | X125: 182.8 | Y125: 175.2 | Z125: 185.7 | AA125: 164.8 | AB125: 171.2 | AC125: 177.1 | AD125: 185.2 | AE125: 175.7 | AF125: 179.1

Sheet  Broder Category Data 
A1: Broder Category Mapping | E1: Broder Category CPI inflation index
A3: CPI Sub-Category | B3: Broader Category | E3: Sector | F3: Year | G3: Month | H3: Date | I3: Covid Period | J3: Food and beverages | K3: Pan, tobacco and intoxicants | L3: Clothing and footwear | M3: Housing | N3: Fuel and light | O3: Education | P3: Health | Q3: Transport and communication | R3: Miscellaneous | S3: General index | U3: Note-
A4: Cereals and products | B4: Food | E4: Rural+Urban | F4: 2013 | G4: January | H4: 41275 | I4: =IF(H4<DATE(2020,3,1),"Pre-Covid","Post-Covid") -> Pre-Covid | J4: 105.6 | K4: 105.1 | L4: 106.2 | M4: 100.3 | N4: 105.5 | O4: 103.6 | P4: 104 | Q4: 103.2 | R4: 104.13333 | S4: 104.6 | U4: 1. In this Miscellaneous is calculated by doing Average of Household goods and services, Recreation and amusement, Personal care and effects Columns from the main data.
A5: Meat and fish | B5: Food | E5: Rural+Urban | F5: 2013 | G5: February | H5: 41306 | I5: =IF(H5<DATE(2020,3,1),"Pre-Covid","Post-Covid") -> Pre-Covid | J5: 106.6 | K5: 105.7 | L5: 106.8 | M5: 100.4 | N5: 106 | O5: 103.9 | P5: 104.5 | Q5: 104.2 | R5: 104.43333 | S5: 105.3
A6: Egg | B6: Food | E6: Rural+Urban | F6: 2013 | G6: March | H6: 41334 | I6: =IF(H6<DATE(2020,3,1),"Pre-Covid","Post-Covid") -> Pre-Covid | J6: 106.9 | K6: 106.6 | L6: 107.3 | M6: 100.4 | N6: 106.1 | O6: 104 | P6: 104.9 | Q6: 105.1 | R6: 104.53333 | S6: 105.5
A7: Milk and products | B7: Food | E7: Rural+Urban | F7: 2013 | G7: April | H7: 41365 | I7: =IF(H7<DATE(2020,3,1),"Pre-Covid","Post-Covid") -> Pre-Covid | J7: 107.7 | K7: 107.5 | L7: 107.9 | M7: 100.5 | N7: 106.5 | O7: 105 | P7: 105.3 | Q7: 104.7 | R7: 104.46667 | S7: 106.1
A8: Oils and fats | B8: Food | E8: Rural+Urban | F8: 2013 | G8: May | H8: 41395 | I8: =IF(H8<DATE(2020,3,1),"Pre-Covid","Post-Covid") -> Pre-Covid | J8: 109.2 | K8: 108.6 | L8: 108.5 | M8: 100.5 | N8: 107.4 | O8: 105.6 | P8: 105.9 | Q8: 104 | R8: 104.66667 | S8: 106.9
A9: Fruits | B9: Food | E9: Rural+Urban | F9: 2013 | G9: June | H9: 41426 | I9: =IF(H9<DATE(2020,3,1),"Pre-Covid","Post-Covid") -> Pre-Covid | J9: 112.2 | K9: 109.5 | L9: 109.3 | M9: 106.6 | N9: 108.3 | O9: 107.4 | P9: 106.4 | Q9: 105.1 | R9: 105.26667 | S9: 109.3
A10: Vegetables | B10: Food | E10: Rural+Urban | F10: 2013 | G10: July | H10: 41456 | I10: =IF(H10<DATE(2020,3,1),"Pre-Covid","Post-Covid") -> Pre-Covid | J10: 114.7 | K10: 110.3 | L10: 110 | M10: 107.7 | N10: 109.2 | O10: 109.1 | P10: 107 | Q10: 107.1 | R10: 105.7 | S10: 111
A11: Pulses and products | B11: Food | E11: Rural+Urban | F11: 2013 | G11: August | H11: 41487 | I11: =IF(H11<DATE(2020,3,1),"Pre-Covid","Post-Covid") -> Pre-Covid | J11: 116.6 | K11: 111.2 | L11: 110.7 | M11: 108.9 | N11: 109.7 | O11: 109.9 | P11: 107.5 | Q11: 108 | R11: 106.9 | S11: 112.4
A12: Sugar and Confectionery | B12: Food | E12: Rural+Urban | F12: 2013 | G12: September | H12: 41518 | I12: =IF(H12<DATE(2020,3,1),"Pre-Covid","Post-Covid") -> Pre-Covid | J12: 118.3 | K12: 112 | L12: 111.9 | M12: 109.7 | N12: 110.5 | O12: 110.6 | P12: 108.1 | Q12: 109.9 | R12: 107.96667 | S12: 113.7
A13: Spices | B13: Food | E13: Rural+Urban | F13: 2013 | G13: October | H13: 41548 | I13: =IF(H13<DATE(2020,3,1),"Pre-Covid","Post-Covid") -> Pre-Covid | J13: 120.2 | K13: 112.5 | L13: 112.8 | M13: 110.5 | N13: 110.9 | O13: 110.8 | P13: 108.6 | Q13: 109.5 | R13: 108.6 | S13: 114.8
A14: Non-alcoholic beverages | B14: Food | E14: Rural+Urban | F14: 2013 | G14: November | H14: 41579 | I14: =IF(H14<DATE(2020,3,1),"Pre-Covid","Post-Covid") -> Pre-Covid | J14: 122.6 | K14: 113.1 | L14: 113.8 | M14: 111.1 | N14: 111.6 | O14: 111.2 | P14: 109.3 | Q14: 109.5 | R14: 109.26667 | S14: 116.3
A15: Prepared meals, snacks, sweets etc. | B15: Food | E15: Rural+Urban | F15: 2013 | G15: December | H15: 41609 | I15: =IF(H15<DATE(2020,3,1),"Pre-Covid","Post-Covid") -> Pre-Covid | J15: 118.4 | K15: 114 | L15: 114.8 | M15: 110.7 | N15: 111.9 | O15: 111.5 | P15: 109.7 | Q15: 109.8 | R15: 109.53333 | S15: 114.5
A16: Food and beverages | B16: Food | E16: Rural+Urban | F16: 2014 | G16: January | H16: 41640 | I16: =IF(H16<DATE(2020,3,1),"Pre-Covid","Post-Covid") -> Pre-Covid | J16: 115.8 | K16: 114.5 | L16: 115.4 | M16: 111.6 | N16: 112.2 | O16: 111.6 | P16: 110.3 | Q16: 110.7 | R16: 110.06667 | S16: 113.6
... A30: General index | B30: General index | E30: Rural+Urban | F30: 2015 | G30: March | H30: 42064 | I30: =IF(H30<DATE(2020,3,1),"Pre-Covid","Post-Covid") -> Pre-Covid | J30: 123.4 | K30: 125.8 | L30: 123.7 | M30: 118.6 | N30: 118.3 | O30: 120.1 | P30: 116.7 | Q30: 109.9 | R30: 115.2 | S30: 120.2
E31: Rural+Urban | F31: 2015 | G31: April | H31: 42095 | I31: =IF(H31<DATE(2020,3,1),"Pre-Covid","Post-Covid") -> Pre-Covid | J31: 124 | K31: 126.9 | L31: 124.1 | M31: 119.2 | N31: 118.7 | O31: 121 | P31: 117.1 | Q31: 110.1 | R31: 115.76667 | S31: 120.7
E32: Rural+Urban | F32: 2015 | G32: May | H32: 42125 | I32: =IF(H32<DATE(2020,3,1),"Pre-Covid","Post-Covid") -> Pre-Covid | J32: 125 | K32: 127.9 | L32: 124.7 | M32: 119.6 | N32: 119.2 | O32: 121.4 | P32: 117.7 | Q32: 112 | R32: 116.26667 | S32: 121.6
E33: Rural+Urban | F33: 2015 | G33: June | H33: 42156 | I33: =IF(H33<DATE(2020,3,1),"Pre-Covid","Post-Covid") -> Pre-Covid | J33: 127.3 | K33: 129.2 | L33: 125.7 | M33: 119 | N33: 119.8 | O33: 123.1 | P33: 118.5 | Q33: 112.9 | R33: 116.93333 | S33: 123
E34: Rural+Urban | F34: 2015 | G34: July | H34: 42186 | I34: =IF(H34<DATE(2020,3,1),"Pre-Covid","Post-Covid") -> Pre-Covid | J34: 128.2 | K34: 130.4 | L34: 126.1 | M34: 119.9 | N34: 120.1 | O34: 124.4 | P34: 119 | Q34: 112.7 | R34: 116.93333 | S34: 123.6
E35: Rural+Urban | F35: 2015 | G35: August | H35: 42217 | I35: =IF(H35<DATE(2020,3,1),"Pre-Covid","Post-Covid") -> Pre-Covid | J35: 130.3 | K35: 131.2 | L35: 126.6 | M35: 120.9 | N35: 120.6 | O35: 125.1 | P35: 119.4 | Q35: 111.7 | R35: 117.36667 | S35: 124.8
E36: Rural+Urban | F36: 2015 | G36: September | H36: 42248 | I36: =IF(H36<DATE(2020,3,1),"Pre-Covid","Post-Covid") -> Pre-Covid | J36: 131.2 | K36: 132 | L36: 127.2 | M36: 121.6 | N36: 120.4 | O36: 125.7 | P36: 119.8 | Q36: 111.3 | R36: 118.1 | S36: 125.4
E37: Rural+Urban | F37: 2015 | G37: October | H37: 42278 | I37: =IF(H37<DATE(2020,3,1),"Pre-Covid","Post-Covid") -> Pre-Covid | J37: 132.1 | K37: 132.5 | L37: 127.8 | M37: 122.4 | N37: 120.8 | O37: 125.9 | P37: 120.4 | Q37: 111.4 | R37: 118.53333 | S37: 126.1
E38: Rural+Urban | F38: 2015 | G38: November | H38: 42309 | I38: =IF(H38<DATE(2020,3,1),"Pre-Covid","Post-Covid") -> Pre-Covid | J38: 132.7 | K38: 133.6 | L38: 128.6 | M38: 122.9 | N38: 121.6 | O38: 126.3 | P38: 120.9 | Q38: 111.5 | R38: 118.8 | S38: 126.6
E39: Rural+Urban | F39: 2015 | G39: December | H39: 42339 | I39: =IF(H39<DATE(2020,3,1),"Pre-Covid","Post-Covid") -> Pre-Covid | J39: 131.4 | K39: 134.5 | L39: 129 | M39: 122.4 | N39: 122 | O39: 126.2 | P39: 121.4 | Q39: 111.5 | R39: 118.96667 | S39: 126.1
E40: Rural+Urban | F40: 2016 | G40: January | H40: 42370 | I40: =IF(H40<DATE(2020,3,1),"Pre-Covid","Post-Covid") -> Pre-Covid | J40: 131.3 | K40: 135.2 | L40: 129.5 | M40: 123.4 | N40: 122.7 | O40: 126.3 | P40: 122 | Q40: 111.1 | R40: 119.5 | S40: 126.3
E41: Rural+Urban | F41: 2016 | G41: February | H41: 42401 | I41: =IF(H41<DATE(2020,3,1),"Pre-Covid","Post-Covid") -> Pre-Covid | J41: 129.9 | K41: 135.9 | L41: 130.2 | M41: 124.4 | N41: 123.1 | O41: 126.6 | P41: 122.5 | Q41: 111.4 | R41: 120.5 | S41: 126
E42: Rural+Urban | F42: 2016 | G42: March | H42: 42430 | I42: =IF(H42<DATE(2020,3,1),"Pre-Covid","Post-Covid") -> Pre-Covid | J42: 129.8 | K42: 136.5 | L42: 130.5 | M42: 124.9 | N42: 122.4 | O42: 126.9 | P42: 122.9 | Q42: 110.9 | R42: 121 | S42: 126
... E127: Rural+Urban | F127: 2023 | G127: May | H127: 45047 | I127: =IF(H127<DATE(2020,3,1),"Pre-Covid","Post-Covid") -> Post-Covid | J127: 179.1 | K127: 201 | L127: 186.2 | M127: 175.6 | N127: 182.8 | O127: 177.1 | P127: 185.7 | Q127: 164.8 | R127: 177.2 | S127: 179.1

Sheet Question 1
A1: QUESTION 1: Contribution of Broader Categories (Latest Month)
A3: Sector | B3: Year | C3: Month | D3: Date | E3: Covid Period | F3: Cereals and products | G3: Meat and fish | H3: Egg | I3: Milk and products | J3: Oils and fats | K3: Fruits | L3: Vegetables | M3: Pulses and products | N3: Sugar and Confectionery | O3: Spices | P3: Non-alcoholic beverages | Q3: Prepared meals, snacks, sweets etc. | R3: Food and beverages | S3: Pan, tobacco and intoxicants | T3: Clothing | U3: Footwear | V3: Clothing and footwear | W3: Housing | X3: Fuel and light | Y3: Household goods and services | Z3: Health | AA3: Transport and communication | AB3: Recreation and amusement | AC3: Education | AD3: Personal care and effects | AE3: Miscellaneous | AF3: General index
A4: Rural+Urban | B4: 2023 | C4: May | D4: 45047 | E4: Post-Covid | F4: 173.7 | G4: 214.3 | H4: 173.2 | I4: 179.5 | J4: 170 | K4: 172.2 | L4: 161 | M4: 175.6 | N4: 122.7 | O4: 218 | P4: 173.4 | Q4: 194.2 | R4: 179.1 | S4: 201 | T4: 187.3 | U4: 179.7 | V4: 186.2 | W4: 175.6 | X4: 182.8 | Y4: 175.2 | Z4: 185.7 | AA4: 164.8 | AB4: 171.2 | AC4: 177.1 | AD4: 185.2 | AE4: 175.7 | AF4: 179.1
A8: Category | B8: Bucket Value (Sum of Indices) | C8: Contribution %
A9: Food | B9: =SUM(F4,G4,H4,I4,J4,K4,L4,M4,N4,O4,P4,Q4) -> 2127.8 | C9: =B9/SUM($B$9:$B$17) -> 0.51728497
A10: Pan, tobacco and intoxicants | B10: 201 | C10: =B10/SUM($B$9:$B$17) -> 0.048864686
A11: Clothing & Footwear | B11: =SUM(T4,U4) -> 367 | C11: =B11/SUM($B$9:$B$17) -> 0.089220596
A12: Health | B12: 185.7 | C12: =B12/SUM($B$9:$B$17) -> 0.045145135
A13: Energy | B13: 182.8 | C13: =B13/SUM($B$9:$B$17) -> 0.044440123
A14: Education | B14: 177.1 | C14: =B14/SUM($B$9:$B$17) -> 0.043054408
A15: Housing | B15: 175.6 | C15: =B15/SUM($B$9:$B$17) -> 0.042689746
A16: Transportation | B16: 164.8 | C16: =B16/SUM($B$9:$B$17) -> 0.04006418
A17: Miscellaneous | B17: =SUM(Y4,AB4,AD4) -> 531.6 | C17: =B17/SUM($B$9:$B$17) -> 0.12923616
A18: Total | B18: =SUM(B9:B17) -> 4113.4 | C18: =B18/SUM($B$9:$B$17) -> 1
E20: Conclusion-
E21: Highest Contributor: The Food category has the highest contribution towards the CPI calculation at 51.73%.

Sheet Question 2
A1: Sector | B1: Year | C1: Month | D1: Date | E1: Covid Period | F1: General index | I1: Sector | J1: Year | K1: General index | L1: YoY Inflation Rate
A2: Rural+Urban | B2: 2013 | C2: January | D2: 41275 | E2: Pre-Covid | F2: 104.6 | I2: Rural+Urban | J2: 2017 | K2: =AVERAGEIF($B$2:$B$125,J2,$F$2:$F$125) -> 133.5
A3: Rural+Urban | B3: 2013 | C3: February | D3: 41306 | E3: Pre-Covid | F3: 105.3 | I3: Rural+Urban | J3: 2018 | K3: =AVERAGEIF($B$2:$B$125,J3,$F$2:$F$125) -> 138.775 | L3: =(K3-K2)/K2*100 -> 3.9513109
A4: Rural+Urban | B4: 2013 | C4: March | D4: 41334 | E4: Pre-Covid | F4: 105.5 | I4: Rural+Urban | J4: 2019 | K4: =AVERAGEIF($B$2:$B$125,J4,$F$2:$F$125) -> 144.18182 | L4: =(K4-K3)/K3*100 -> 3.8961039
A5: Rural+Urban | B5: 2013 | C5: April | D5: 41365 | E5: Pre-Covid | F5: 106.1 | I5: Rural+Urban | J5: 2020 | K5: =AVERAGEIF($B$2:$B$125,J5,$F$2:$F$125) -> 151.08825 | L5: =(K5-K4)/K4*100 -> 4.7900861
A6: Rural+Urban | B6: 2013 | C6: May | D6: 41395 | E6: Pre-Covid | F6: 106.9 | I6: Rural+Urban | J6: 2021 | K6: =AVERAGEIF($B$2:$B$125,J6,$F$2:$F$125) -> 161.45833 | L6: =(K6-K5)/K5*100 -> 6.8635926
A7: Rural+Urban | B7: 2013 | C7: June | D7: 41426 | E7: Pre-Covid | F7: 109.3 | I7: Rural+Urban | J7: 2022 | K7: =AVERAGEIF($B$2:$B$125,J7,$F$2:$F$125) -> 172.15 | L7: =(K7-K6)/K6*100 -> 6.6219355
A8: Rural+Urban | B8: 2013 | C8: July | D8: 41456 | E8: Pre-Covid | F8: 111 | I8: Rural+Urban | J8: 2023 | K8: =AVERAGEIF($B$2:$B$125,J8,$F$2:$F$125) -> 177.62 | L8: =(K8-K7)/K7*100 -> 3.1774615
A9: Rural+Urban | B9: 2013 | C9: August | D9: 41487 | E9: Pre-Covid | F9: 112.4
A10: Rural+Urban | B10: 2013 | C10: September | D10: 41518 | E10: Pre-Covid | F10: 113.7
A11: Rural+Urban | B11: 2013 | C11: October | D11: 41548 | E11: Pre-Covid | F11: 114.8
A12: Rural+Urban | B12: 2013 | C12: November | D12: 41579 | E12: Pre-Covid | F12: 116.3
A13: Rural+Urban | B13: 2013 | C13: December | D13: 41609 | E13: Pre-Covid | F13: 114.5
A14: Rural+Urban | B14: 2014 | C14: January | D14: 41640 | E14: Pre-Covid | F14: 113.6
A15: Rural+Urban | B15: 2014 | C15: February | D15: 41671 | E15: Pre-Covid | F15: 113.6
A16: Rural+Urban | B16: 2014 | C16: Marcrh | D16: 41699 | E16: Pre-Covid | F16: 114.2
A17: Rural+Urban | B17: 2014 | C17: April | D17: 41730 | E17: Pre-Covid | F17: 115.1
A18: Rural+Urban | B18: 2014 | C18: May | D18: 41760 | E18: Pre-Covid | F18: 115.8
A19: Rural+Urban | B19: 2014 | C19: June | D19: 41791 | E19: Pre-Covid | F19: 116.7
A20: Rural+Urban | B20: 2014 | C20: July | D20: 41821 | E20: Pre-Covid | F20: 119.2
... A24: Rural+Urban | B24: 2014 | C24: November | D24: 41944 | E24: Pre-Covid | F24: 120.1
A25: Rural+Urban | B25: 2014 | D25: 41974 | E25: Pre-Covid | F25: 119.4
A26: Rural+Urban | B26: 2015 | C26: January | D26: 42005 | E26: Pre-Covid | F26: 119.5
A27: Rural+Urban | B27: 2015 | C27: February | D27: 42036 | E27: Pre-Covid | F27: 119.7
A28: Rural+Urban | B28: 2015 | C28: March | D28: 42064 | E28: Pre-Covid | F28: 120.2
A29: Rural+Urban | B29: 2015 | C29: April | D29: 42095 | E29: Pre-Covid | F29: 120.7
A30: Rural+Urban | B30: 2015 | C30: May | D30: 42125 | E30: Pre-Covid | F30: 121.6
A31: Rural+Urban | B31: 2015 | C31: June | D31: 42156 | E31: Pre-Covid | F31: 123
A32: Rural+Urban | B32: 2015 | D32: 42186 | E32: Pre-Covid | F32: 123.6
A33: Rural+Urban | B33: 2015 | C33: August | D33: 42217 | E33: Pre-Covid | F33: 124.8
A34: Rural+Urban | B34: 2015 | C34: September | D34: 42248 | E34: Pre-Covid | F34: 125.4
A35: Rural+Urban | B35: 2015 | C35: October | D35: 42278 | E35: Pre-Covid | F35: 126.1
A36: Rural+Urban | B36: 2015 | C36: November | D36: 42309 | E36: Pre-Covid | F36: 126.6
A37: Rural+Urban | B37: 2015 | C37: December | D37: 42339 | E37: Pre-Covid | F37: 126.1
A38: Rural+Urban | B38: 2016 | C38: January | D38: 42370 | E38: Pre-Covid | F38: 126.3
A39: Rural+Urban | B39: 2016 | C39: February | D39: 42401 | E39: Pre-Covid | F39: 126
A40: Rural+Urban | B40: 2016 | C40: March | D40: 42430 | E40: Pre-Covid | F40: 126
A41: Rural+Urban | B41: 2016 | C41: April | D41: 42461 | E41: Pre-Covid | F41: 127.3
A42: Rural+Urban | B42: 2016 | C42: May | D42: 42491 | E42: Pre-Covid | F42: 128.6
A43: Rural+Urban | B43: 2016 | C43: June | D43: 42522 | E43: Pre-Covid | F43: 130.1
A44: Rural+Urban | B44: 2016 | C44: July | D44: 42552 | E44: Pre-Covid | F44: 131.1
... A125: Rural+Urban | B125: 2023 | C125: May | D125: 45047 | E125: Post-Covid | F125: 179.1

Sheet Question 3(A)
A1: A. Trend Analysis: Broader Food & Beverages Category
A3: Sector | B3: Year | C3: Month | D3: Date | E3: Covid Period | F3: Food and beverages | G3: MoM Inflation Rate | J3: Conclusions -
A4: Rural+Urban | B4: 2022 | C4: June | D4: 44713 | E4: =IF(D4<DATE(2020,3,1),"Pre-Covid","Post-Covid") -> Post-Covid | F4: 174.9
A5: Rural+Urban | B5: 2022 | C5: July | D5: 44743 | E5: =IF(D5<DATE(2020,3,1),"Pre-Covid","Post-Covid") -> Post-Covid | F5: 175 | G5: =(F5-F4)/F4 -> 0.00057175529 | J5: 1. Highest food inflation (MoM):
A6: Rural+Urban | B6: 2022 | C6: August | D6: 44774 | E6: =IF(D6<DATE(2020,3,1),"Pre-Covid","Post-Covid") -> Post-Covid | F6: 176.3 | G6: =(F6-F5)/F5 -> 0.0074285714 | J6: October 2022 (+1.01)
A7: Rural+Urban | B7: 2022 | C7: September | D7: 44805 | E7: =IF(D7<DATE(2020,3,1),"Pre-Covid","Post-Covid") -> Post-Covid | F7: 177.8 | G7: =(F7-F6)/F6 -> 0.0085082246
A8: Rural+Urban | B8: 2022 | C8: October | D8: 44835 | E8: =IF(D8<DATE(2020,3,1),"Pre-Covid","Post-Covid") -> Post-Covid | F8: 179.6 | G8: =(F8-F7)/F7 -> 0.010123735 | J8: 2. Lowest food inflation (MoM):
A9: Rural+Urban | B9: 2022 | C9: November | D9: 44866 | E9: =IF(D9<DATE(2020,3,1),"Pre-Covid","Post-Covid") -> Post-Covid | F9: 178.3 | G9: =(F9-F8)/F8 -> -0.0072383073 | J9: December 2022 (−1.35%)
A10: Rural+Urban | B10: 2022 | C10: December | D10: 44896 | E10: =IF(D10<DATE(2020,3,1),"Pre-Covid","Post-Covid") -> Post-Covid | F10: 175.9 | G10: =(F10-F9)/F9 -> -0.01346046
A11: Rural+Urban | B11: 2023 | C11: January | D11: 44927 | E11: =IF(D11<DATE(2020,3,1),"Pre-Covid","Post-Covid") -> Post-Covid | F11: 176.7 | G11: =(F11-F10)/F10 -> 0.0045480387
A12: Rural+Urban | B12: 2023 | C12: February | D12: 44958 | E12: =IF(D12<DATE(2020,3,1),"Pre-Covid","Post-Covid") -> Post-Covid | F12: 177 | G12: =(F12-F11)/F11 -> 0.0016977929
A13: Rural+Urban | B13: 2023 | C13: March | D13: 44986 | E13: =IF(D13<DATE(2020,3,1),"Pre-Covid","Post-Covid") -> Post-Covid | F13: 177 | G13: =(F13-F12)/F12 -> 0
A14: Rural+Urban | B14: 2023 | C14: April | D14: 45017 | E14: =IF(D14<DATE(2020,3,1),"Pre-Covid","Post-Covid") -> Post-Covid | F14: 177.9 | G14: =(F14-F13)/F13 -> 0.0050847458
A15: Rural+Urban | B15: 2023 | C15: May | D15: 45047 | E15: =IF(D15<DATE(2020,3,1),"Pre-Covid","Post-Covid") -> Post-Covid | F15: 179.1 | G15: =(F15-F14)/F14 -> 0.0067453626

Sheet Question 3(B)
A1: B. Absolute Change in Food Inflation (June 22 → May 23)
A3: Food Sub Category | B3: Cereals and products | C3: Meat and fish | D3: Egg | E3: Milk and products | F3: Oils and fats | G3: Fruits | H3: Vegetables | I3: Pulses and products | J3: Sugar and Confectionery | K3: Spices | L3: Non-alcoholic beverages | M3: Prepared meals, snacks, sweets etc.
A4: CPI Index (June 2022) | B4: 155 | C4: 219.4 | D4: 170.8 | E4: 165.8 | F4: 200.9 | G4: 169.7 | H4: 182.3 | I4: 164.3 | J4: 119.9 | K4: 187.1 | L4: 167.9 | M4: 183.9
A5: CPI Index (May 2023) | B5: 173.7 | C5: 214.3 | D5: 173.2 | E5: 179.5 | F5: 170 | G5: 172.2 | H5: 161 | I5: 175.6 | J5: 122.7 | K5: 218 | L5: 173.4 | M5: 194.2
A6: Absolute Change | B6: =B5-B4 -> 18.7 | C6: =C5-C4 -> -5.1 | D6: =D5-D4 -> 2.4 | E6: =E5-E4 -> 13.7 | F6: =F5-F4 -> -30.9 | G6: =G5-G4 -> 2.5 | H6: =H5-H4 -> -21.3 | I6: =I5-I4 -> 11.3 | ... M6: =M5-M4 -> 10.3
A8: 📌 Conclusion:
A9: 1. Biggest Individual Contributor (Within Food Category) is the Spices with the Highest absolute Increase of +30.9 Index Points
A10: 2. Even though prices of vegetables and cooking oil went down, prices of spices, cereals, and milk kept increasing. Because of this, they were the main reasons for the rise in food inflation.

Sheet Question 4 (Data)
A1: Data Required for Question 4
A3: Sector | B3: Year | C3: Month | D3: Date | E3: Covid Period | F3: Food and beverages | G3: Health | H3: Essential Servises | I3: General index | L3: Note-
A4: Rural+Urban | B4: 2013 | C4: January | D4: 41275 | E4: =IF(D4<DATE(2020,3,1),"Pre-Covid","Post-Covid") -> Pre-Covid | F4: 105.6 | G4: 104 | H4: =AVERAGE(' Broder Category Data '!M4,' Broder Category Data '!N4,' Broder Category Data '!O4,' Broder Category Data '!Q4) -> 103.15 | I4: 104.6 | L4: Essential Services is computed by Averaging columns like Housing, Transportation, Education, Fuel & Light form the Broder Category Data Sheet.
A5: Rural+Urban | B5: 2013 | C5: February | D5: 41306 | E5: =IF(D5<DATE(2020,3,1),"Pre-Covid","Post-Covid") -> Pre-Covid | F5: 106.6 | G5: 104.5 | H5: =AVERAGE(' Broder Category Data '!M5,' Broder Category Data '!N5,' Broder Category Data '!O5,' Broder Category Data '!Q5) -> 103.625 | I5: 105.3
A6: Rural+Urban | B6: 2013 | C6: March | D6: 41334 | E6: =IF(D6<DATE(2020,3,1),"Pre-Covid","Post-Covid") -> Pre-Covid | F6: 106.9 | G6: 104.9 | H6: =AVERAGE(' Broder Category Data '!M6,' Broder Category Data '!N6,' Broder Category Data '!O6,' Broder Category Data '!Q6) -> 103.9 | I6: 105.5
A7: Rural+Urban | B7: 2013 | C7: April | D7: 41365 | E7: =IF(D7<DATE(2020,3,1),"Pre-Covid","Post-Covid") -> Pre-Covid | F7: 107.7 | G7: 105.3 | H7: =AVERAGE(' Broder Category Data '!M7,' Broder Category Data '!N7,' Broder Category Data '!O7,' Broder Category Data '!Q7) -> 104.175 | I7: 106.1
A8: Rural+Urban | B8: 2013 | C8: May | D8: 41395 | E8: =IF(D8<DATE(2020,3,1),"Pre-Covid","Post-Covid") -> Pre-Covid | F8: 109.2 | G8: 105.9 | H8: =AVERAGE(' Broder Category Data '!M8,' Broder Category Data '!N8,' Broder Category Data '!O8,' Broder Category Data '!Q8) -> 104.375 | I8: 106.9
A9: Rural+Urban | B9: 2013 | C9: June | D9: 41426 | E9: =IF(D9<DATE(2020,3,1),"Pre-Covid","Post-Covid") -> Pre-Covid | F9: 112.2 | G9: 106.4 | H9: =AVERAGE(' Broder Category Data '!M9,' Broder Category Data '!N9,' Broder Category Data '!O9,' Broder Category Data '!Q9) -> 106.85 | I9: 109.3
A10: Rural+Urban | B10: 2013 | C10: July | D10: 41456 | E10: =IF(D10<DATE(2020,3,1),"Pre-Covid","Post-Covid") -> Pre-Covid | F10: 114.7 | G10: 107 | H10: =AVERAGE(' Broder Category Data '!M10,' Broder Category Data '!N10,' Broder Category Data '!O10,' Broder Category Data '!Q10) -> 108.275 | I10: 111
A11: Rural+Urban | B11: 2013 | C11: August | D11: 41487 | E11: =IF(D11<DATE(2020,3,1),"Pre-Covid","Post-Covid") -> Pre-Covid | F11: 116.6 | G11: 107.5 | H11: =AVERAGE(' Broder Category Data '!M11,' Broder Category Data '!N11,' Broder Category Data '!O11,' Broder Category Data '!Q11) -> 109.125 | I11: 112.4
A12: Rural+Urban | B12: 2013 | C12: September | D12: 41518 | E12: =IF(D12<DATE(2020,3,1),"Pre-Covid","Post-Covid") -> Pre-Covid | F12: 118.3 | G12: 108.1 | H12: =AVERAGE(' Broder Category Data '!M12,' Broder Category Data '!N12,' Broder Category Data '!O12,' Broder Category Data '!Q12) -> 110.175 | I12: 113.7
A13: Rural+Urban | B13: 2013 | C13: October | D13: 41548 | E13: =IF(D13<DATE(2020,3,1),"Pre-Covid","Post-Covid") -> Pre-Covid | F13: 120.2 | G13: 108.6 | H13: =AVERAGE(' Broder Category Data '!M13,' Broder Category Data '!N13,' Broder Category Data '!O13,' Broder Category Data '!Q13) -> 110.425 | I13: 114.8
A14: Rural+Urban | B14: 2013 | C14: November | D14: 41579 | E14: =IF(D14<DATE(2020,3,1),"Pre-Covid","Post-Covid") -> Pre-Covid | F14: 122.6 | G14: 109.3 | H14: =AVERAGE(' Broder Category Data '!M14,' Broder Category Data '!N14,' Broder Category Data '!O14,' Broder Category Data '!Q14) -> 110.85 | I14: 116.3
A15: Rural+Urban | B15: 2013 | C15: December | D15: 41609 | E15: =IF(D15<DATE(2020,3,1),"Pre-Covid","Post-Covid") -> Pre-Covid | F15: 118.4 | G15: 109.7 | H15: =AVERAGE(' Broder Category Data '!M15,' Broder Category Data '!N15,' Broder Category Data '!O15,' Broder Category Data '!Q15) -> 110.975 | I15: 114.5
A16: Rural+Urban | B16: 2014 | C16: January | D16: 41640 | E16: =IF(D16<DATE(2020,3,1),"Pre-Covid","Post-Covid") -> Pre-Covid | F16: 115.8 | G16: 110.3 | H16: =AVERAGE(' Broder Category Data '!M16,' Broder Category Data '!N16,' Broder Category Data '!O16,' Broder Category Data '!Q16) -> 111.525 | I16: 113.6
... A127: Rural+Urban | B127: 2023 | C127: May | D127: 45017 | E127: =IF(D127<DATE(2020,3,1),"Pre-Covid","Post-Covid") -> Post-Covid | F127: 179.1 | G127: 185.7 | H127: =AVERAGE(' Broder Category Data '!M127,' Broder Category Data '!N127,' Broder Category Data '!O127,' Broder Category Data '!Q127) -> 175.075 | I127: 179.1

Sheet Question 4 Solution
A1: YoY Inflation % | K1: Avg Inflation (%) for years 2019,2020,2021
A3: Year | B3: Month | C3: Date | D3: Covid Period | E3: Food and beverages | F3: Health Care | G3: Essential Sevices | H3: General | K3: Category | L3: 2019 | M3: 2020 | N3: 2021
A4: 2014 | B4: January | C4: 41640 | D4: =IF(C4<DATE(2020,3,1),"Pre-Covid","Post-Covid") -> Pre-Covid | E4: =('Question 4 (Data)'!F16-'Question 4 (Data)'!F4)/'Question 4 (Data)'!F4 -> 0.096590909 | F4: =('Question 4 (Data)'!G16-'Question 4 (Data)'!G4)/'Question 4 (Data)'!G4 -> 0.060576923 | G4: =('Question 4 (Data)'!H16-'Question 4 (Data)'!H4)/'Question 4 (Data)'!H4 -> 0.081192438 | H4: =('Question 4 (Data)'!I16-'Question 4 (Data)'!I4)/'Question 4 (Data)'!I4 -> 0.086042065 | K4: Food and beverages | L4: =AVERAGEIF($A$4:$A$115,L3,$E$4:$E$115) -> 0.038233052 | M4: =AVERAGEIF($A$4:$A$115,M3,$E$4:$E$115) -> 0.076667233 | N4: =AVERAGEIF($A$4:$A$115,N3,$E$4:$E$115) -> 0.050508944
A5: 2014 | B5: February | C5: 41671 | D5: =IF(C5<DATE(2020,3,1),"Pre-Covid","Post-Covid") -> Pre-Covid | E5: =('Question 4 (Data)'!F17-'Question 4 (Data)'!F5)/'Question 4 (Data)'!F5 -> 0.081613508 | F5: =('Question 4 (Data)'!G17-'Question 4 (Data)'!G5)/'Question 4 (Data)'!G5 -> 0.059330144 | G5: =('Question 4 (Data)'!H17-'Question 4 (Data)'!H5)/'Question 4 (Data)'!H5 -> 0.080337756 | H5: =('Question 4 (Data)'!I17-'Question 4 (Data)'!I5)/'Question 4 (Data)'!I5 -> 0.078822412 | K5: Health | L5: =AVERAGEIF($A$4:$A$115,L3,$F$4:$F$115) -> 0.080033677 | M5: =AVERAGEIF($A$4:$A$115,M3,$F$4:$F$115) -> 0.036588631 | N5: =AVERAGEIF($A$4:$A$115,N3,$F$4:$F$115) -> 0.084660073
A6: 2014 | B6: Marcrh | C6: 41699 | D6: =IF(C6<DATE(2020,3,1),"Pre-Covid","Post-Covid") -> Pre-Covid | E6: =('Question 4 (Data)'!F18-'Question 4 (Data)'!F6)/'Question 4 (Data)'!F6 -> 0.08606174 | F6: =('Question 4 (Data)'!G18-'Question 4 (Data)'!G6)/'Question 4 (Data)'!G6 -> 0.060057197 | G6: =('Question 4 (Data)'!H18-'Question 4 (Data)'!H6)/'Question 4 (Data)'!H6 -> 0.080606352 | H6: =('Question 4 (Data)'!I18-'Question 4 (Data)'!I6)/'Question 4 (Data)'!I6 -> 0.082464455 | K6: Essential Servises | L6: =AVERAGEIF($A$4:$A$115,L3,$G$4:$G$115) -> 0.037124175 | M6: =AVERAGEIF($A$4:$A$115,M3,$G$4:$G$115) -> 0.033673286 | N6: =AVERAGEIF($A$4:$A$115,N3,$G$4:$G$115) -> 0.076352205
A7: 2014 | B7: April | C7: 41730 | D7: =IF(C7<DATE(2020,3,1),"Pre-Covid","Post-Covid") -> Pre-Covid | E7: =('Question 4 (Data)'!F19-'Question 4 (Data)'!F7)/'Question 4 (Data)'!F7 -> 0.091922006 | F7: =('Question 4 (Data)'!G19-'Question 4 (Data)'!G7)/'Question 4 (Data)'!G7 -> 0.058879392 | G7: =('Question 4 (Data)'!H19-'Question 4 (Data)'!H7)/'Question 4 (Data)'!H7 -> 0.080633549 | H7: =('Question 4 (Data)'!I19-'Question 4 (Data)'!I7)/'Question 4 (Data)'!I7 -> 0.084825636 | K7: General index | L7: =AVERAGEIF($A$4:$A$115,L3,$H$4:$H$115) -> 0.03972956 | M7: =AVERAGEIF($A$4:$A$115,M3,$H$4:$H$115) -> 0.05021011 | N7: =AVERAGEIF($A$4:$A$115,N3,$H$4:$H$115) -> 0.069717454
A8: 2014 | B8: May | C8: 41760 | D8: =IF(C8<DATE(2020,3,1),"Pre-Covid","Post-Covid") -> Pre-Covid | E8: =('Question 4 (Data)'!F20-'Question 4 (Data)'!F8)/'Question 4 (Data)'!F8 -> 0.088827839 | F8: =('Question 4 (Data)'!G20-'Question 4 (Data)'!G8)/'Question 4 (Data)'!G8 -> 0.055712937 | G8: =('Question 4 (Data)'!H20-'Question 4 (Data)'!H8)/'Question 4 (Data)'!H8 -> 0.080479042 | H8: =('Question 4 (Data)'!I20-'Question 4 (Data)'!I8)/'Question 4 (Data)'!I8 -> 0.083255379
A9: 2014 | B9: June | C9: 41791 | D9: =IF(C9<DATE(2020,3,1),"Pre-Covid","Post-Covid") -> Pre-Covid | E9: =('Question 4 (Data)'!F21-'Question 4 (Data)'!F9)/'Question 4 (Data)'!F9 -> 0.073083779 | F9: =('Question 4 (Data)'!G21-'Question 4 (Data)'!G9)/'Question 4 (Data)'!G9 -> 0.055451128 | G9: =('Question 4 (Data)'!H21-'Question 4 (Data)'!H9)/'Question 4 (Data)'!H9 -> 0.061534862 | H9: =('Question 4 (Data)'!I21-'Question 4 (Data)'!I9)/'Question 4 (Data)'!I9 -> 0.067703568
A10: 2014 | B10: July | C10: 41821 | D10: =IF(C10<DATE(2020,3,1),"Pre-Covid","Post-Covid") -> Pre-Covid | E10: =('Question 4 (Data)'!F22-'Question 4 (Data)'!F10)/'Question 4 (Data)'!F10 -> 0.087183958 | F10: =('Question 4 (Data)'!G22-'Question 4 (Data)'!G10)/'Question 4 (Data)'!G10 -> 0.053271028 | G10: =('Question 4 (Data)'!H22-'Question 4 (Data)'!H10)/'Question 4 (Data)'!H10 -> 0.058877857 | H10: =('Question 4 (Data)'!I22-'Question 4 (Data)'!I10)/'Question 4 (Data)'!I10 -> 0.073873874
A11: 2014 | B11: August | C11: 41852 | D11: =IF(C11<DATE(2020,3,1),"Pre-Covid","Post-Covid") -> Pre-Covid | E11: =('Question 4 (Data)'!F23-'Question 4 (Data)'!F11)/'Question 4 (Data)'!F11 -> 0.085763293 | F11: =('Question 4 (Data)'!G23-'Question 4 (Data)'!G11)/'Question 4 (Data)'!G11 -> 0.053953488 | G11: =('Question 4 (Data)'!H23-'Question 4 (Data)'!H11)/'Question 4 (Data)'!H11 -> 0.054524628 | H11: =('Question 4 (Data)'!I23-'Question 4 (Data)'!I11)/'Question 4 (Data)'!I11 -> 0.070284698 | K11: Year | L11: Food and beverages | M11: Health Care | N11: Essential Sevices | O11: General
A12: 2014 | B12: September | C12: 41883 | D12: =IF(C12<DATE(2020,3,1),"Pre-Covid","Post-Covid") -> Pre-Covid | E12: =('Question 4 (Data)'!F24-'Question 4 (Data)'!F12)/'Question 4 (Data)'!F12 -> 0.06339814 | F12: =('Question 4 (Data)'!G24-'Question 4 (Data)'!G12)/'Question 4 (Data)'!G12 -> 0.051803885 | G12: =('Question 4 (Data)'!H24-'Question 4 (Data)'!H12)/'Question 4 (Data)'!H12 -> 0.046063081 | H12: =('Question 4 (Data)'!I24-'Question 4 (Data)'!I12)/'Question 4 (Data)'!I12 -> 0.056288478 | K12: 2014 | L12: =AVERAGEIF($A$4:$A$115,K12,$E$4:$E$115) -> 0.071834737 | M12: =AVERAGEIF($A$4:$A$115,K12,$F$4:$F$115) -> 0.055088974 | N12: =AVERAGEIF($A$4:$A$115,K12,$G$4:$G$115) -> 0.062781955 | O12: =AVERAGEIF($A$4:$A$115,K12,$H$4:$H$115) -> 0.067099724
A13: 2014 | B13: October | C13: 41913 | D13: =IF(C13<DATE(2020,3,1),"Pre-Covid","Post-Covid") -> Pre-Covid | E13: =('Question 4 (Data)'!F25-'Question 4 (Data)'!F13)/'Question 4 (Data)'!F13 -> 0.043261231 | F13: =('Question 4 (Data)'!G25-'Question 4 (Data)'!G13)/'Question 4 (Data)'!G13 -> 0.052486188 | G13: =('Question 4 (Data)'!H25-'Question 4 (Data)'!H13)/'Question 4 (Data)'!H13 -> 0.045958796 | H13: =('Question 4 (Data)'!I25-'Question 4 (Data)'!I13)/'Question 4 (Data)'!I13 -> 0.046167247 | K13: 2015 | L13: =AVERAGEIF($A$4:$A$115,K13,$E$4:$E$115) -> 0.052842191 | M13: =AVERAGEIF($A$4:$A$115,K13,$F$4:$F$115) -> 0.052502268 | N13: =AVERAGEIF($A$4:$A$115,K13,$G$4:$G$115) -> 0.041187971 | O13: =AVERAGEIF($A$4:$A$115,K13,$H$4:$H$115) -> 0.049128371
A14: 2014 | B14: November | C14: 41944 | D14: =IF(C14<DATE(2020,3,1),"Pre-Covid","Post-Covid") -> Pre-Covid | E14: =('Question 4 (Data)'!F26-'Question 4 (Data)'!F14)/'Question 4 (Data)'!F14 -> 0.020391517 | F14: =('Question 4 (Data)'!G26-'Question 4 (Data)'!G14)/'Question 4 (Data)'!G14 -> 0.05032022 | G14: =('Question 4 (Data)'!H26-'Question 4 (Data)'!H14)/'Question 4 (Data)'!H14 -> 0.042850699 | H14: =('Question 4 (Data)'!I26-'Question 4 (Data)'!I14)/'Question 4 (Data)'!I14 -> 0.032674119 | K14: 2016 | L14: =AVERAGEIF($A$4:$A$115,K14,$E$4:$E$115) -> 0.05373304 | M14: =AVERAGEIF($A$4:$A$115,K14,$F$4:$F$115) -> 0.049114176 | N14: =AVERAGEIF($A$4:$A$115,K14,$G$4:$G$115) -> 0.040593537 | O14: =AVERAGEIF($A$4:$A$115,K14,$H$4:$H$115) -> 0.049603637
A15: 2014 | B15: December | C15: 41974 | D15: =IF(C15<DATE(2020,3,1),"Pre-Covid","Post-Covid") -> Pre-Covid | E15: =('Question 4 (Data)'!F27-'Question 4 (Data)'!F15)/'Question 4 (Data)'!F15 -> 0.043918919 | F15: =('Question 4 (Data)'!G27-'Question 4 (Data)'!G15)/'Question 4 (Data)'!G15 -> 0.04922516 | G15: =('Question 4 (Data)'!H27-'Question 4 (Data)'!H15)/'Question 4 (Data)'!H15 -> 0.040324397 | H15: =('Question 4 (Data)'!I27-'Question 4 (Data)'!I15)/'Question 4 (Data)'!I15 -> 0.04279476 | K15: 2017 | L15: =AVERAGEIF($A$4:$A$115,K15,$E$4:$E$115) -> 0.01822213 | M15: =AVERAGEIF($A$4:$A$115,K15,$F$4:$F$115) -> 0.041511277 | N15: =AVERAGEIF($A$4:$A$115,K15,$G$4:$G$115) -> 0.048967835 | O15: =AVERAGEIF($A$4:$A$115,K15,$H$4:$H$115) -> 0.033273885
A16: 2015 | B16: January | C16: 42005 | D16: =IF(C16<DATE(2020,3,1),"Pre-Covid","Post-Covid") -> Pre-Covid | E16: =('Question 4 (Data)'!F28-'Question 4 (Data)'!F16)/'Question 4 (Data)'!F16 -> 0.063039724 | F16: =('Question 4 (Data)'!G28-'Question 4 (Data)'!G16)/'Question 4 (Data)'!G16 -> 0.047144152 | G16: =('Question 4 (Data)'!H28-'Question 4 (Data)'!H16)/'Question 4 (Data)'!H16 -> 0.037659718 | H16: =('Question 4 (Data)'!I28-'Question 4 (Data)'!I16)/'Question 4 (Data)'!I16 -> 0.05193662 | K16: 2018 | L16: =AVERAGEIF($A$4:$A$115,K16,$E$4:$E$115) -> 0.017017061 | M16: =AVERAGEIF($A$4:$A$115,K16,$F$4:$F$115) -> 0.061919047 | N16: =AVERAGEIF($A$4:$A$115,K16,$G$4:$G$115) -> 0.063951029 | O16: =AVERAGEIF($A$4:$A$115,K16,$H$4:$H$115) -> 0.039676972
A17: 2015 | B17: February | C17: 42036 | D17: =IF(C17<DATE(2020,3,1),"Pre-Covid","Post-Covid") -> Pre-Covid | E17: =('Question 4 (Data)'!F29-'Question 4 (Data)'!F17)/'Question 4 (Data)'!F17 -> 0.06764961 | F17: =('Question 4 (Data)'!G29-'Question 4 (Data)'!G17)/'Question 4 (Data)'!G17 -> 0.050587173 | G17: =('Question 4 (Data)'!H29-'Question 4 (Data)'!H17)/'Question 4 (Data)'!H17 -> 0.036623493 | H17: =('Question 4 (Data)'!I29-'Question 4 (Data)'!I17)/'Question 4 (Data)'!I17 -> 0.053697183 | K17: 2019 | L17: =AVERAGEIF($A$4:$A$115,K17,$E$4:$E$115) -> 0.038233052 | M17: =AVERAGEIF($A$4:$A$115,K17,$F$4:$F$115) -> 0.080033677 | N17: =AVERAGEIF($A$4:$A$115,K17,$G$4:$G$115) -> 0.037124175 | O17: =AVERAGEIF($A$4:$A$115,K17,$H$4:$H$115) -> 0.03972956
A18: 2015 | B18: March | C18: 42064 | D18: =IF(C18<DATE(2020,3,1),"Pre-Covid","Post-Covid") -> Pre-Covid | E18: =('Question 4 (Data)'!F30-'Question 4 (Data)'!F18)/'Question 4 (Data)'!F18 -> 0.06287683 | F18: =('Question 4 (Data)'!G30-'Question 4 (Data)'!G18)/'Question 4 (Data)'!G18 -> 0.049460432 | G18: =('Question 4 (Data)'!H30-'Question 4 (Data)'!H18)/'Question 4 (Data)'!H18 -> 0.039634825 | H18: =('Question 4 (Data)'!I30-'Question 4 (Data)'!I18)/'Question 4 (Data)'!I18 -> 0.052539405 | K18: 2020 | L18: =AVERAGEIF($A$4:$A$115,K18,$E$4:$E$115) -> 0.076667233 | M18: =AVERAGEIF($A$4:$A$115,K18,$F$4:$F$115) -> 0.036588631 | N18: =AVERAGEIF($A$4:$A$115,K18,$G$4:$G$115) -> 0.033673286 | O18: =AVERAGEIF($A$4:$A$115,K18,$H$4:$H$115) -> 0.05021011
A19: 2015 | B19: April | C19: 42095 | D19: =IF(C19<DATE(2020,3,1),"Pre-Covid","Post-Covid") -> Pre-Covid | E19: =('Question 4 (Data)'!F31-'Question 4 (Data)'!F19)/'Question 4 (Data)'!F19 -> 0.054421769 | F19: =('Question 4 (Data)'!G31-'Question 4 (Data)'!G19)/'Question 4 (Data)'!G19 -> 0.050224215 | G19: =('Question 4 (Data)'!H31-'Question 4 (Data)'!H19)/'Question 4 (Data)'!H19 -> 0.04152787 | H19: =('Question 4 (Data)'!I31-'Question 4 (Data)'!I19)/'Question 4 (Data)'!I19 -> 0.048653345 | K19: 2021 | L19: =AVERAGEIF($A$4:$A$115,K19,$E$4:$E$115) -> 0.050508944 | M19: =AVERAGEIF($A$4:$A$115,K19,$F$4:$F$115) -> 0.084660073 | N19: =AVERAGEIF($A$4:$A$115,K19,$G$4:$G$115) -> 0.076352205 | O19: =AVERAGEIF($A$4:$A$115,K19,$H$4:$H$115) -> 0.069717454
A20: 2015 | B20: May | C20: 42125 | D20: =IF(C20<DATE(2020,3,1),"Pre-Covid","Post-Covid") -> Pre-Covid | E20: =('Question 4 (Data)'!F32-'Question 4 (Data)'!F20)/'Question 4 (Data)'!F20 -> 0.051303616 | F20: =('Question 4 (Data)'!G32-'Question 4 (Data)'!G20)/'Question 4 (Data)'!G20 -> 0.052772809 | G20: =('Question 4 (Data)'!H32-'Question 4 (Data)'!H20)/'Question 4 (Data)'!H20 -> 0.046774551 | H20: =('Question 4 (Data)'!I32-'Question 4 (Data)'!I20)/'Question 4 (Data)'!I20 -> 0.050086356 | K20: 2022 | L20: =AVERAGEIF($A$4:$A$115,K20,$E$4:$E$115) -> 0.06634835 | M20: =AVERAGEIF($A$4:$A$115,K20,$F$4:$F$115) -> 0.060940588 | N20: =AVERAGEIF($A$4:$A$115,K20,$G$4:$G$115) -> 0.064573563 | O20: =AVERAGEIF($A$4:$A$115,K20,$H$4:$H$115) -> 0.06624065
A21: 2015 | B21: June | C21: 42156 | D21: =IF(C21<DATE(2020,3,1),"Pre-Covid","Post-Covid") -> Pre-Covid | E21: =('Question 4 (Data)'!F33-'Question 4 (Data)'!F21)/'Question 4 (Data)'!F21 -> 0.05730897 | F21: =('Question 4 (Data)'!G33-'Question 4 (Data)'!G21)/'Question 4 (Data)'!G21 -> 0.055209261 | G21: =('Question 4 (Data)'!H33-'Question 4 (Data)'!H21)/'Question 4 (Data)'!H21 -> 0.046506502 | H21: =('Question 4 (Data)'!I33-'Question 4 (Data)'!I21)/'Question 4 (Data)'!I21 -> 0.053984576 | K21: 2023 | L21: =AVERAGEIF($A$4:$A$115,K21,$E$4:$E$115) -> 0.050597387 | M21: =AVERAGEIF($A$4:$A$115,K21,$F$4:$F$115) -> 0.065182622 | N21: =AVERAGEIF($A$4:$A$115,K21,$G$4:$G$115) -> 0.054051098 | O21: =AVERAGEIF($A$4:$A$115,K21,$H$4:$H$115) -> 0.055756722
A22: 2015 | B22: July | C22: 42186 | D22: =IF(C22<DATE(2020,3,1),"Pre-Covid","Post-Covid") -> Pre-Covid | E22: =('Question 4 (Data)'!F34-'Question 4 (Data)'!F22)/'Question 4 (Data)'!F22 -> 0.028067362 | F22: =('Question 4 (Data)'!G34-'Question 4 (Data)'!G22)/'Question 4 (Data)'!G22 -> 0.055900621 | G22: =('Question 4 (Data)'!H34-'Question 4 (Data)'!H22)/'Question 4 (Data)'!H22 -> 0.040340166 | H22: =('Question 4 (Data)'!I34-'Question 4 (Data)'!I22)/'Question 4 (Data)'!I22 -> 0.036912752
A23: 2015 | B23: August | C23: 42217 | D23: =IF(C23<DATE(2020,3,1),"Pre-Covid","Post-Covid") -> Pre-Covid | E23: =('Question 4 (Data)'!F35-'Question 4 (Data)'!F23)/'Question 4 (Data)'!F23 -> 0.029225908 | F23: =('Question 4 (Data)'!G35-'Question 4 (Data)'!G23)/'Question 4 (Data)'!G23 -> 0.053839365 | G23: =('Question 4 (Data)'!H35-'Question 4 (Data)'!H23)/'Question 4 (Data)'!H23 -> 0.039104932 | H23: =('Question 4 (Data)'!I35-'Question 4 (Data)'!I23)/'Question 4 (Data)'!I23 -> 0.037406484
A24: 2015 | B24: September | C24: 42248 | D24: =IF(C24<DATE(2020,3,1),"Pre-Covid","Post-Covid") -> Pre-Covid | E24: =('Question 4 (Data)'!F36-'Question 4 (Data)'!F24)/'Question 4 (Data)'!F24 -> 0.042925278 | F24: =('Question 4 (Data)'!G36-'Question 4 (Data)'!G24)/'Question 4 (Data)'!G24 -> 0.053649956 | G24: =('Question 4 (Data)'!H36-'Question 4 (Data)'!H24)/'Question 4 (Data)'!H24 -> 0.039045553 | H24: =('Question 4 (Data)'!I36-'Question 4 (Data)'!I24)/'Question 4 (Data)'!I24 -> 0.044129892
A25: 2015 | B25: October | C25: 42278 | D25: =IF(C25<DATE(2020,3,1),"Pre-Covid","Post-Covid") -> Pre-Covid | E25: =('Question 4 (Data)'!F37-'Question 4 (Data)'!F25)/'Question 4 (Data)'!F25 -> 0.053429027 | F25: =('Question 4 (Data)'!G37-'Question 4 (Data)'!G25)/'Question 4 (Data)'!G25 -> 0.053368329 | G25: =('Question 4 (Data)'!H37-'Question 4 (Data)'!H25)/'Question 4 (Data)'!H25 -> 0.04004329 | H25: =('Question 4 (Data)'!I37-'Question 4 (Data)'!I25)/'Question 4 (Data)'!I25 -> 0.049958368
A26: 2015 | B26: November | C26: 42309 | D26: =IF(C26<DATE(2020,3,1),"Pre-Covid","Post-Covid") -> Pre-Covid | E26: =('Question 4 (Data)'!F38-'Question 4 (Data)'!F26)/'Question 4 (Data)'!F26 -> 0.060751399 | F26: =('Question 4 (Data)'!G38-'Question 4 (Data)'!G26)/'Question 4 (Data)'!G26 -> 0.053135889 | G26: =('Question 4 (Data)'!H38-'Question 4 (Data)'!H26)/'Question 4 (Data)'!H26 -> 0.043036332 | H26: =('Question 4 (Data)'!I38-'Question 4 (Data)'!I26)/'Question 4 (Data)'!I26 -> 0.054121565
A27: 2015 | B27: December | C27: 42339 | D27: =IF(C27<DATE(2020,3,1),"Pre-Covid","Post-Covid") -> Pre-Covid | E27: =('Question 4 (Data)'!F39-'Question 4 (Data)'!F27)/'Question 4 (Data)'!F27 -> 0.063106796 | F27: =('Question 4 (Data)'!G39-'Question 4 (Data)'!G27)/'Question 4 (Data)'!G27 -> 0.054735013 | G27: =('Question 4 (Data)'!H39-'Question 4 (Data)'!H27)/'Question 4 (Data)'!H27 -> 0.043958424 | H27: =('Question 4 (Data)'!I39-'Question 4 (Data)'!I27)/'Question 4 (Data)'!I27 -> 0.056113903
A28: 2016 | B28: January | C28: 42370 | D28: =IF(C28<DATE(2020,3,1),"Pre-Covid","Post-Covid") -> Pre-Covid | E28: =('Question 4 (Data)'!F40-'Question 4 (Data)'!F28)/'Question 4 (Data)'!F28 -> 0.06661251 | F28: =('Question 4 (Data)'!G40-'Question 4 (Data)'!G28)/'Question 4 (Data)'!G28 -> 0.056277056 | G28: =('Question 4 (Data)'!H40-'Question 4 (Data)'!H28)/'Question 4 (Data)'!H28 -> 0.044502052 | H28: =('Question 4 (Data)'!I40-'Question 4 (Data)'!I28)/'Question 4 (Data)'!I28 -> 0.056903766
A29: 2016 | B29: February | C29: 42401 | D29: =IF(C29<DATE(2020,3,1),"Pre-Covid","Post-Covid") -> Pre-Covid | E29: =('Question 4 (Data)'!F41-'Question 4 (Data)'!F29)/'Question 4 (Data)'!F29 -> 0.055239643 | F29: =('Question 4 (Data)'!G41-'Question 4 (Data)'!G29)/'Question 4 (Data)'!G29 -> 0.053310404 | G29: =('Question 4 (Data)'!H41-'Question 4 (Data)'!H29)/'Question 4 (Data)'!H29 -> 0.045885394 | H29: =('Question 4 (Data)'!I41-'Question 4 (Data)'!I29)/'Question 4 (Data)'!I29 -> 0.052631579
A30: 2016 | B30: March | C30: 42430 | D30: =IF(C30<DATE(2020,3,1),"Pre-Covid","Post-Covid") -> Pre-Covid | E30: =('Question 4 (Data)'!F42-'Question 4 (Data)'!F30)/'Question 4 (Data)'!F30 -> 0.051863857 | F30: =('Question 4 (Data)'!G42-'Question 4 (Data)'!G30)/'Question 4 (Data)'!G30 -> 0.053127678 | G30: =('Question 4 (Data)'!H42-'Question 4 (Data)'!H30)/'Question 4 (Data)'!H30 -> 0.03898051 | H30: =('Question 4 (Data)'!I42-'Question 4 (Data)'!I30)/'Question 4 (Data)'!I30 -> 0.048252912
A31: 2016 | B31: April | C31: 42461 | D31: =IF(C31<DATE(2020,3,1),"Pre-Covid","Post-Covid") -> Pre-Covid | E31: =('Question 4 (Data)'!F43-'Question 4 (Data)'!F31)/'Question 4 (Data)'!F31 -> 0.062903226 | F31: =('Question 4 (Data)'!G43-'Question 4 (Data)'!G31)/'Question 4 (Data)'!G31 -> 0.052092229 | G31: =('Question 4 (Data)'!H43-'Question 4 (Data)'!H31)/'Question 4 (Data)'!H31 -> 0.039872068 | H31: =('Question 4 (Data)'!I43-'Question 4 (Data)'!I31)/'Question 4 (Data)'!I31 -> 0.054681027
A32: 2016 | B32: May | C32: 42491 | D32: =IF(C32<DATE(2020,3,1),"Pre-Covid","Post-Covid") -> Pre-Covid | E32: =('Question 4 (Data)'!F44-'Question 4 (Data)'!F32)/'Question 4 (Data)'!F32 -> 0.072 | F32: =('Question 4 (Data)'!G44-'Question 4 (Data)'!G32)/'Question 4 (Data)'!G32 -> 0.05097706 | G32: =('Question 4 (Data)'!H44-'Question 4 (Data)'!H32)/'Question 4 (Data)'!H32 -> 0.037695892 | H32: =('Question 4 (Data)'!I44-'Question 4 (Data)'!I32)/'Question 4 (Data)'!I32 -> 0.057565789
A33: 2016 | B33: June | C33: 42522 | D33: =IF(C33<DATE(2020,3,1),"Pre-Covid","Post-Covid") -> Pre-Covid | E33: =('Question 4 (Data)'!F45-'Question 4 (Data)'!F33)/'Question 4 (Data)'!F33 -> 0.074626866 | F33: =('Question 4 (Data)'!G45-'Question 4 (Data)'!G33)/'Question 4 (Data)'!G33 -> 0.047257384 | G33: =('Question 4 (Data)'!H45-'Question 4 (Data)'!H33)/'Question 4 (Data)'!H33 -> 0.037700084 | H33: =('Question 4 (Data)'!I45-'Question 4 (Data)'!I33)/'Question 4 (Data)'!I33 -> 0.057723577
... A115: 2023 | B115: May | C115: 45017 | D115: =IF(C115<DATE(2020,3,1),"Pre-Covid","Post-Covid") -> Post-Covid | E115: =('Question 4 (Data)'!F127-'Question 4 (Data)'!F115)/'Question 4 (Data)'!F115 -> 0.033467975 | F115: =('Question 4 (Data)'!G127-'Question 4 (Data)'!G115)/'Question 4 (Data)'!G115 -> 0.062356979 | G115: =('Question 4 (Data)'!H127-'Question 4 (Data)'!H115)/'Question 4 (Data)'!H115 -> 0.040564636 | H115: =('Question 4 (Data)'!I127-'Question 4 (Data)'!I115)/'Question 4 (Data)'!I115 -> 0.043098427

Sheet Question 5 (Data)
A1: Data Required for Question 5
A3: Year | B3: Month | C3: Imported Oil Price | D3: Cereals and products | E3: Meat and fish | F3: Egg | G3: Milk and products | H3: Oils and fats | I3: Fruits | J3: Vegetables | K3: Pulses and products | L3: Sugar and Confectionery | M3: Spices | N3: Non-alcoholic beverages | O3: Prepared meals, snacks, sweets etc. | P3: Food and beverages | Q3: Pan, tobacco and intoxicants | R3: Clothing | S3: Footwear | T3: Clothing and footwear | U3: Housing | V3: Fuel and light | W3: Household goods and services | X3: Health | Y3: Transport and communication | Z3: Recreation and amusement | AA3: Education | AB3: Personal care and effects | AC3: Miscellaneous | AD3: General index | AG3: Note-
A4: 2021 | B4: January | C4: 54.79 | D4: 144.9 | E4: 190.1 | F4: 175.3 | G4: 154.1 | H4: 150.9 | I4: 149.6 | J4: 194.2 | K4: 160.4 | L4: 114.6 | M4: 164 | N4: 151.8 | O4: 165.6 | P4: 161 | Q4: 186.5 | R4: 155.5 | S4: 146.1 | T4: 154.2 | U4: 157.7 | V4: 147.9 | W4: 150 | X4: 159.3 | Y4: 141.9 | Z4: 149.6 | AA4: 159.2 | AB4: 156.8 | AC4: 151.9 | AD4: 157.3 | AG4: Imported Oil Prices were taken from Google Geminie.
A5: 2021 | B5: February | C5: 61.22 | D5: 144.3 | E5: 186.5 | F5: 168.7 | G5: 154.7 | H5: 158.7 | I5: 150.7 | J5: 160 | K5: 158.8 | L5: 112.8 | M5: 164.2 | N5: 155.5 | O5: 167.5 | P5: 156.9 | Q5: 188.3 | R5: 157.2 | S5: 147.4 | T5: 155.8 | U5: 159.8 | V5: 152.4 | W5: 150.9 | X5: 161.3 | Y5: 145.1 | Z5: 151.5 | AA5: 159.5 | AB5: 155.8 | AC5: 153.4 | AD5: 156.6
A6: 2021 | B6: March | C6: 64.73 | D6: 144.1 | E6: 192.2 | F6: 163.8 | G6: 154.9 | H6: 163.9 | I6: 153.7 | J6: 149.5 | K6: 159.8 | L6: 112.6 | M6: 163.5 | N6: 156.5 | O6: 168.2 | P6: 156.7 | Q6: 188.1 | R6: 157.8 | S6: 147.9 | T6: 156.4 | U6: 159.9 | V6: 155.5 | W6: 151.2 | X6: 161.7 | Y6: 146.2 | Z6: 152.6 | AA6: 160.2 | AB6: 153.8 | AC6: 153.8 | AD6: 156.8
A7: 2021 | B7: April | C7: 63.4 | D7: 144.3 | E7: 198 | F7: 164.6 | G7: 155.4 | H7: 170.1 | I7: 164.4 | J7: 144.1 | K7: 161.7 | L7: 113.1 | M7: 163.9 | N7: 157.6 | O7: 168.9 | P7: 158 | Q7: 188.8 | R7: 158.8 | S7: 148.5 | T7: 157.3 | U7: 161.4 | V7: 155.6 | W7: 151.8 | X7: 162.3 | Y7: 146.6 | Z7: 153.2 | AA7: 160.3 | AB7: 155.4 | AC7: 154.4 | AD7: 157.8
A8: 2021 | B8: May | C8: 66.95 | D8: 146.3 | E8: 200.5 | F8: 170.3 | G8: 156.1 | H8: 178.7 | I8: 167.1 | J8: 147.9 | K8: 165.4 | L8: 114.8 | M8: 168.2 | N8: 159.3 | O8: 170.4 | P8: 160.7 | Q8: 191.9 | R8: 161.8 | S8: 152.1 | T8: 160.4 | U8: 161.6 | V8: 159.4 | W8: 154.7 | X8: 165.8 | Y8: 148.9 | Z8: 155.8 | AA8: 161.2 | AB8: 158.6 | AC8: 156.8 | AD8: 160.4
A9: 2021 | B9: June | C9: 71.98 | D9: 146.7 | E9: 202 | F9: 180.7 | G9: 156.2 | H9: 183.7 | I9: 164.6 | J9: 155.4 | K9: 166 | L9: 115.1 | M9: 168.5 | N9: 160 | O9: 172.4 | P9: 162.6 | Q9: 190.8 | R9: 162.2 | S9: 151.8 | T9: 160.7 | U9: 160.5 | V9: 159.8 | W9: 154.8 | X9: 166.3 | Y9: 150.7 | Z9: 154.9 | AA9: 161.7 | AB9: 158.8 | AC9: 157.6 | AD9: 161.3
A10: 2021 | B10: July | C10: 73.54 | D10: 146.4 | E10: 206.8 | F10: 182.2 | G10: 157.5 | H10: 182.1 | I10: 163.9 | J10: 164.2 | K10: 164 | L10: 114.5 | M10: 168.3 | N10: 160.9 | O10: 172.2 | P10: 164 | Q10: 191.2 | R10: 162.8 | S10: 153.1 | T10: 161.4 | U10: 161.5 | V10: 160.7 | W10: 155.8 | X10: 167 | Y10: 153.1 | Z10: 155.3 | AA10: 163.2 | AB10: 160.1 | AC10: 159 | AD10: 162.5
A11: 2021 | B11: August | C11: 69.8 | D11: 146.6 | E11: 204 | F11: 172.8 | G11: 158.4 | H11: 188 | I11: 156.8 | J11: 162.2 | K11: 164.1 | L11: 119.7 | M11: 168.8 | N11: 162.7 | O11: 173.9 | P11: 164 | Q11: 192.1 | R11: 164.5 | S11: 155.3 | T11: 163.2 | U11: 162.1 | V11: 162.6 | W11: 157.5 | X11: 168.4 | Y11: 154 | Z11: 157.6 | AA11: 163.8 | AB11: 160 | AC11: 160 | AD11: 163.2
A12: 2021 | B12: September | C12: 73.13 | D12: 146.6 | E12: 204 | F12: 172.8 | G12: 158.4 | H12: 188 | I12: 156.7 | J12: 162.3 | K12: 164.1 | L12: 119.7 | M12: 168.8 | N12: 162.7 | O12: 173.9 | P12: 164 | Q12: 192.1 | R12: 164.6 | S12: 155.3 | T12: 163.3 | U12: 162.1 | V12: 162.6 | W12: 157.5 | X12: 168.4 | Y12: 154 | Z12: 157.7 | AA12: 163.7 | AB12: 160 | AC12: 160 | AD12: 163.2
A13: 2021 | B13: October | C13: 82.11 | D13: 147.4 | E13: 204.6 | F13: 171.2 | G13: 158.7 | H13: 190.6 | I13: 155.7 | J13: 185.3 | K13: 165.2 | L13: 121.9 | M13: 169.3 | N13: 163.2 | O13: 174.7 | P13: 167.7 | Q13: 192.7 | R13: 165.7 | S13: 156.3 | T13: 164.3 | U13: 163.6 | V13: 164.2 | W13: 158.4 | X13: 169.1 | Y13: 155.7 | Z13: 158.6 | AA13: 163.9 | AB13: 160.8 | AC13: 161 | AD13: 165.5
A14: 2021 | B14: November | C14: 80.64 | D14: 148.2 | E14: 201.6 | F14: 173 | G14: 159.3 | H14: 190.1 | I14: 156.5 | J14: 199.2 | K14: 165.3 | L14: 122.4 | M14: 169.6 | N14: 163.7 | O14: 175.5 | P14: 169.7 | Q14: 192.9 | R14: 167.2 | S14: 157.4 | T14: 165.8 | U14: 164.2 | V14: 163.9 | W14: 159.3 | X14: 169.9 | Y14: 154.8 | Z14: 159.8 | AA14: 164.3 | AB14: 162.2 | AC14: 161.4 | AD14: 166.7
A15: 2021 | B15: December | C15: 73.3 | D15: 148.7 | E15: 198.8 | F15: 177.9 | G15: 159.9 | H15: 187.6 | I15: 154.9 | J15: 188.3 | K15: 164.4 | L15: 121 | M15: 170.5 | N15: 164.2 | O15: 176.5 | P15: 168.2 | Q15: 192.4 | R15: 168.5 | S15: 158.7 | T15: 167 | U15: 163.4 | V15: 164.1 | W15: 160.2 | X15: 170.6 | Y15: 155.7 | Z15: 160.6 | AA15: 164.4 | AB15: 162.6 | AC15: 162 | AD15: 166.2
A16: 2022 | B16: January | C16: 84.67 | D16: 149.5 | E16: 198.7 | F16: 178.8 | G16: 160.5 | H16: 184.7 | I16: 153.7 | J16: 174.3 | K16: 163.9 | L16: 120 | M16: 172.1 | N16: 164.3 | O16: 177.3 | P16: 166.4 | Q16: 192.2 | R16: 169.9 | S16: 160.7 | T16: 168.5 | U16: 164.5 | V16: 164.2 | W16: 161.1 | X16: 171.4 | Y16: 156.5 | Z16: 161.2 | AA16: 164.7 | AB16: 163 | AC16: 162.7 | AD16: 165.7
... A32: 2023 | B32: May | C32: 74.98 | D32: 173.7 | E32: 214.3 | F32: 173.2 | G32: 179.5 | H32: 170 | I32: 172.2 | J32: 161 | K32: 175.6 | L32: 122.7 | M32: 218 | N32: 173.4 | O32: 194.2 | P32: 179.1 | Q32: 201 | R32: 187.3 | S32: 179.7 | T32: 186.2 | U32: 175.6 | V32: 182.8 | W32: 175.2 | X32: 185.7 | Y32: 164.8 | Z32: 171.2 | AA32: 177.1 | AB32: 185.2 | AC32: 175.7 | AD32: 179.1

Sheet Question 5 Solution
A1: 1. Month-on-Month (MoM) % Change
A3: Year | B3: Month | C3: Imported Oil Price | D3: Cereals and products | E3: Meat and fish | F3: Egg | G3: Milk and products | H3: Oils and fats | I3: Fruits | J3: Vegetables | K3: Pulses and products | L3: Sugar and Confectionery | M3: Spices | N3: Non-alcoholic beverages | O3: Prepared meals, snacks, sweets etc. | P3: Food and beverages | Q3: Pan, tobacco and intoxicants | R3: Clothing | S3: Footwear | T3: Clothing and footwear | U3: Housing | V3: Fuel and light | W3: Household goods and services | X3: Health | Y3: Transport and communication | Z3: Recreation and amusement | AA3: Education | AB3: Personal care and effects | AC3: Miscellaneous | AD3: General index
A4: 2021 | B4: January
A5: 2021 | B5: February | C5: =('Question 5 (Data)'!C5-'Question 5 (Data)'!C4)/'Question 5 (Data)'!C4 -> 0.11735718 | D5: =('Question 5 (Data)'!D5-'Question 5 (Data)'!D4)/'Question 5 (Data)'!D4 -> -0.0041407867 | E5: =('Question 5 (Data)'!E5-'Question 5 (Data)'!E4)/'Question 5 (Data)'!E4 -> -0.018937401 | F5: =('Question 5 (Data)'!F5-'Question 5 (Data)'!F4)/'Question 5 (Data)'!F4 -> -0.037649743 | G5: =('Question 5 (Data)'!G5-'Question 5 (Data)'!G4)/'Question 5 (Data)'!G4 -> 0.0038935756 | H5: =('Question 5 (Data)'!H5-'Question 5 (Data)'!H4)/'Question 5 (Data)'!H4 -> 0.051689861 | I5: =('Question 5 (Data)'!I5-'Question 5 (Data)'!I4)/'Question 5 (Data)'!I4 -> 0.0073529412 | J5: =('Question 5 (Data)'!J5-'Question 5 (Data)'!J4)/'Question 5 (Data)'!J4 -> -0.17610711 | ... AD5: =('Question 5 (Data)'!AD5-'Question 5 (Data)'!AD4)/'Question 5 (Data)'!AD4 -> -0.0044500954
A6: 2021 | B6: March | C6: =('Question 5 (Data)'!C6-'Question 5 (Data)'!C5)/'Question 5 (Data)'!C5 -> 0.057334205 | D6: =('Question 5 (Data)'!D6-'Question 5 (Data)'!D5)/'Question 5 (Data)'!D5 -> -0.0013860014 | E6: =('Question 5 (Data)'!E6-'Question 5 (Data)'!E5)/'Question 5 (Data)'!E5 -> 0.030563003 | F6: =('Question 5 (Data)'!F6-'Question 5 (Data)'!F5)/'Question 5 (Data)'!F5 -> -0.029045643 | G6: =('Question 5 (Data)'!G6-'Question 5 (Data)'!G5)/'Question 5 (Data)'!G5 -> 0.0012928248 | H6: =('Question 5 (Data)'!H6-'Question 5 (Data)'!H5)/'Question 5 (Data)'!H5 -> 0.032766226 | I6: =('Question 5 (Data)'!I6-'Question 5 (Data)'!I5)/'Question 5 (Data)'!I5 -> 0.0199071 | J6: =('Question 5 (Data)'!J6-'Question 5 (Data)'!J5)/'Question 5 (Data)'!J5 -> -0.065625 | ... AD6: =('Question 5 (Data)'!AD6-'Question 5 (Data)'!AD5)/'Question 5 (Data)'!AD5 -> 0.0012771392
A7: 2021 | B7: April | C7: =('Question 5 (Data)'!C7-'Question 5 (Data)'!C6)/'Question 5 (Data)'!C6 -> -0.020546887 | D7: =('Question 5 (Data)'!D7-'Question 5 (Data)'!D6)/'Question 5 (Data)'!D6 -> 0.0013879251 | E7: =('Question 5 (Data)'!E7-'Question 5 (Data)'!E6)/'Question 5 (Data)'!E6 -> 0.030176899 | F7: =('Question 5 (Data)'!F7-'Question 5 (Data)'!F6)/'Question 5 (Data)'!F6 -> 0.0048840049 | G7: =('Question 5 (Data)'!G7-'Question 5 (Data)'!G6)/'Question 5 (Data)'!G6 -> 0.003227889 | H7: =('Question 5 (Data)'!H7-'Question 5 (Data)'!H6)/'Question 5 (Data)'!H6 -> 0.037827944 | I7: =('Question 5 (Data)'!I7-'Question 5 (Data)'!I6)/'Question 5 (Data)'!I6 -> 0.069616135 | J7: =('Question 5 (Data)'!J7-'Question 5 (Data)'!J6)/'Question 5 (Data)'!J6 -> -0.036120401 | ... AD7: =('Question 5 (Data)'!AD7-'Question 5 (Data)'!AD6)/'Question 5 (Data)'!AD6 -> 0.006377551
A8: 2021 | B8: May | C8: =('Question 5 (Data)'!C8-'Question 5 (Data)'!C7)/'Question 5 (Data)'!C7 -> 0.055993691 | D8: =('Question 5 (Data)'!D8-'Question 5 (Data)'!D7)/'Question 5 (Data)'!D7 -> 0.013860014 | E8: =('Question 5 (Data)'!E8-'Question 5 (Data)'!E7)/'Question 5 (Data)'!E7 -> 0.012626263 | F8: =('Question 5 (Data)'!F8-'Question 5 (Data)'!F7)/'Question 5 (Data)'!F7 -> 0.034629405 | G8: =('Question 5 (Data)'!G8-'Question 5 (Data)'!G7)/'Question 5 (Data)'!G7 -> 0.0045045045 | H8: =('Question 5 (Data)'!H8-'Question 5 (Data)'!H7)/'Question 5 (Data)'!H7 -> 0.050558495 | I8: =('Question 5 (Data)'!I8-'Question 5 (Data)'!I7)/'Question 5 (Data)'!I7 -> 0.016423358 | J8: =('Question 5 (Data)'!J8-'Question 5 (Data)'!J7)/'Question 5 (Data)'!J7 -> 0.026370576 | ... AD8: =('Question 5 (Data)'!AD8-'Question 5 (Data)'!AD7)/'Question 5 (Data)'!AD7 -> 0.016476553
A9: 2021 | B9: June | C9: =('Question 5 (Data)'!C9-'Question 5 (Data)'!C8)/'Question 5 (Data)'!C8 -> 0.075130695 | D9: =('Question 5 (Data)'!D9-'Question 5 (Data)'!D8)/'Question 5 (Data)'!D8 -> 0.002734108 | E9: =('Question 5 (Data)'!E9-'Question 5 (Data)'!E8)/'Question 5 (Data)'!E8 -> 0.0074812968 | F9: =('Question 5 (Data)'!F9-'Question 5 (Data)'!F8)/'Question 5 (Data)'!F8 -> 0.061068702 | G9: =('Question 5 (Data)'!G9-'Question 5 (Data)'!G8)/'Question 5 (Data)'!G8 -> 0.00064061499 | H9: =('Question 5 (Data)'!H9-'Question 5 (Data)'!H8)/'Question 5 (Data)'!H8 -> 0.027979855 | I9: =('Question 5 (Data)'!I9-'Question 5 (Data)'!I8)/'Question 5 (Data)'!I8 -> -0.014961101 | J9: =('Question 5 (Data)'!J9-'Question 5 (Data)'!J8)/'Question 5 (Data)'!J8 -> 0.050709939 | ... AD9: =('Question 5 (Data)'!AD9-'Question 5 (Data)'!AD8)/'Question 5 (Data)'!AD8 -> 0.0056109726
A10: 2021 | B10: July | C10: =('Question 5 (Data)'!C10-'Question 5 (Data)'!C9)/'Question 5 (Data)'!C9 -> 0.021672687 | D10: =('Question 5 (Data)'!D10-'Question 5 (Data)'!D9)/'Question 5 (Data)'!D9 -> -0.0020449898 | E10: =('Question 5 (Data)'!E10-'Question 5 (Data)'!E9)/'Question 5 (Data)'!E9 -> 0.023762376 | F10: =('Question 5 (Data)'!F10-'Question 5 (Data)'!F9)/'Question 5 (Data)'!F9 -> 0.0083010515 | G10: =('Question 5 (Data)'!G10-'Question 5 (Data)'!G9)/'Question 5 (Data)'!G9 -> 0.0083226633 | H10: =('Question 5 (Data)'!H10-'Question 5 (Data)'!H9)/'Question 5 (Data)'!H9 -> -0.008709853 | I10: =('Question 5 (Data)'!I10-'Question 5 (Data)'!I9)/'Question 5 (Data)'!I9 -> -0.0042527339 | J10: =('Question 5 (Data)'!J10-'Question 5 (Data)'!J9)/'Question 5 (Data)'!J9 -> 0.056628057 | ... AD10: =('Question 5 (Data)'!AD10-'Question 5 (Data)'!AD9)/'Question 5 (Data)'!AD9 -> 0.0074395536
A11: 2021 | B11: August | C11: =('Question 5 (Data)'!C11-'Question 5 (Data)'!C10)/'Question 5 (Data)'!C10 -> -0.050856677 | D11: =('Question 5 (Data)'!D11-'Question 5 (Data)'!D10)/'Question 5 (Data)'!D10 -> 0.0013661202 | E11: =('Question 5 (Data)'!E11-'Question 5 (Data)'!E10)/'Question 5 (Data)'!E10 -> -0.013539652 | F11: =('Question 5 (Data)'!F11-'Question 5 (Data)'!F10)/'Question 5 (Data)'!F10 -> -0.051591658 | G11: =('Question 5 (Data)'!G11-'Question 5 (Data)'!G10)/'Question 5 (Data)'!G10 -> 0.0057142857 | H11: =('Question 5 (Data)'!H11-'Question 5 (Data)'!H10)/'Question 5 (Data)'!H10 -> 0.03239978 | I11: =('Question 5 (Data)'!I11-'Question 5 (Data)'!I10)/'Question 5 (Data)'!I10 -> -0.043319097 | J11: =('Question 5 (Data)'!J11-'Question 5 (Data)'!J10)/'Question 5 (Data)'!J10 -> -0.012180268 | ... AD11: =('Question 5 (Data)'!AD11-'Question 5 (Data)'!AD10)/'Question 5 (Data)'!AD10 -> 0.0043076923
A12: 2021 | B12: September | C12: =('Question 5 (Data)'!C12-'Question 5 (Data)'!C11)/'Question 5 (Data)'!C11 -> 0.047707736 | D12: =('Question 5 (Data)'!D12-'Question 5 (Data)'!D11)/'Question 5 (Data)'!D11 -> 0 | E12: =('Question 5 (Data)'!E12-'Question 5 (Data)'!E11)/'Question 5 (Data)'!E11 -> 0 | F12: =('Question 5 (Data)'!F12-'Question 5 (Data)'!F11)/'Question 5 (Data)'!F11 -> 0 | G12: =('Question 5 (Data)'!G12-'Question 5 (Data)'!G11)/'Question 5 (Data)'!G11 -> 0 | H12: =('Question 5 (Data)'!H12-'Question 5 (Data)'!H11)/'Question 5 (Data)'!H11 -> 0 | I12: =('Question 5 (Data)'!I12-'Question 5 (Data)'!I11)/'Question 5 (Data)'!I11 -> -0.0006377551 | J12: =('Question 5 (Data)'!J12-'Question 5 (Data)'!J11)/'Question 5 (Data)'!J11 -> 0.00061652281 | ... AD12: =('Question 5 (Data)'!AD12-'Question 5 (Data)'!AD11)/'Question 5 (Data)'!AD11 -> 0
A13: 2021 | B13: October | C13: =('Question 5 (Data)'!C13-'Question 5 (Data)'!C12)/'Question 5 (Data)'!C12 -> 0.12279502 | D13: =('Question 5 (Data)'!D13-'Question 5 (Data)'!D12)/'Question 5 (Data)'!D12 -> 0.0054570259 | E13: =('Question 5 (Data)'!E13-'Question 5 (Data)'!E12)/'Question 5 (Data)'!E12 -> 0.0029411765 | F13: =('Question 5 (Data)'!F13-'Question 5 (Data)'!F12)/'Question 5 (Data)'!F12 -> -0.0092592593 | G13: =('Question 5 (Data)'!G13-'Question 5 (Data)'!G12)/'Question 5 (Data)'!G12 -> 0.0018939394 | H13: =('Question 5 (Data)'!H13-'Question 5 (Data)'!H12)/'Question 5 (Data)'!H12 -> 0.013829787 | I13: =('Question 5 (Data)'!I13-'Question 5 (Data)'!I12)/'Question 5 (Data)'!I12 -> -0.0063816209 | J13: =('Question 5 (Data)'!J13-'Question 5 (Data)'!J12)/'Question 5 (Data)'!J12 -> 0.14171288 | ... AD13: =('Question 5 (Data)'!AD13-'Question 5 (Data)'!AD12)/'Question 5 (Data)'!AD12 -> 0.014093137
A14: 2021 | B14: November | C14: =('Question 5 (Data)'!C14-'Question 5 (Data)'!C13)/'Question 5 (Data)'!C13 -> -0.017902813 | D14: =('Question 5 (Data)'!D14-'Question 5 (Data)'!D13)/'Question 5 (Data)'!D13 -> 0.0054274084 | E14: =('Question 5 (Data)'!E14-'Question 5 (Data)'!E13)/'Question 5 (Data)'!E13 -> -0.014662757 | F14: =('Question 5 (Data)'!F14-'Question 5 (Data)'!F13)/'Question 5 (Data)'!F13 -> 0.010514019 | G14: =('Question 5 (Data)'!G14-'Question 5 (Data)'!G13)/'Question 5 (Data)'!G13 -> 0.0037807183 | H14: =('Question 5 (Data)'!H14-'Question 5 (Data)'!H13)/'Question 5 (Data)'!H13 -> -0.0026232949 | I14: =('Question 5 (Data)'!I14-'Question 5 (Data)'!I13)/'Question 5 (Data)'!I13 -> 0.0051380861 | J14: =('Question 5 (Data)'!J14-'Question 5 (Data)'!J13)/'Question 5 (Data)'!J13 -> 0.075013492 | ... AD14: =('Question 5 (Data)'!AD14-'Question 5 (Data)'!AD13)/'Question 5 (Data)'!AD13 -> 0.0072507553
A15: 2021 | B15: December | C15: =('Question 5 (Data)'!C15-'Question 5 (Data)'!C14)/'Question 5 (Data)'!C14 -> -0.091021825 | D15: =('Question 5 (Data)'!D15-'Question 5 (Data)'!D14)/'Question 5 (Data)'!D14 -> 0.0033738192 | E15: =('Question 5 (Data)'!E15-'Question 5 (Data)'!E14)/'Question 5 (Data)'!E14 -> -0.013888889 | F15: =('Question 5 (Data)'!F15-'Question 5 (Data)'!F14)/'Question 5 (Data)'!F14 -> 0.028323699 | G15: =('Question 5 (Data)'!G15-'Question 5 (Data)'!G14)/'Question 5 (Data)'!G14 -> 0.0037664783 | H15: =('Question 5 (Data)'!H15-'Question 5 (Data)'!H14)/'Question 5 (Data)'!H14 -> -0.013150973 | I15: =('Question 5 (Data)'!I15-'Question 5 (Data)'!I14)/'Question 5 (Data)'!I14 -> -0.010223642 | J15: =('Question 5 (Data)'!J15-'Question 5 (Data)'!J14)/'Question 5 (Data)'!J14 -> -0.054718876 | ... AD15: =('Question 5 (Data)'!AD15-'Question 5 (Data)'!AD14)/'Question 5 (Data)'!AD14 -> -0.0029994001
A16: 2022 | B16: January | C16: =('Question 5 (Data)'!C16-'Question 5 (Data)'!C15)/'Question 5 (Data)'!C15 -> 0.15511596 | D16: =('Question 5 (Data)'!D16-'Question 5 (Data)'!D15)/'Question 5 (Data)'!D15 -> 0.0053799597 | E16: =('Question 5 (Data)'!E16-'Question 5 (Data)'!E15)/'Question 5 (Data)'!E15 -> -0.00050301811 | F16: =('Question 5 (Data)'!F16-'Question 5 (Data)'!F15)/'Question 5 (Data)'!F15 -> 0.0050590219 | G16: =('Question 5 (Data)'!G16-'Question 5 (Data)'!G15)/'Question 5 (Data)'!G15 -> 0.0037523452 | H16: =('Question 5 (Data)'!H16-'Question 5 (Data)'!H15)/'Question 5 (Data)'!H15 -> -0.015458422 | I16: =('Question 5 (Data)'!I16-'Question 5 (Data)'!I15)/'Question 5 (Data)'!I15 -> -0.0077469335 | J16: =('Question 5 (Data)'!J16-'Question 5 (Data)'!J15)/'Question 5 (Data)'!J15 -> -0.074349442 | ... AD16: =('Question 5 (Data)'!AD16-'Question 5 (Data)'!AD15)/'Question 5 (Data)'!AD15 -> -0.0030084236
... A32: 2023 | B32: May | C32: =('Question 5 (Data)'!C32-'Question 5 (Data)'!C31)/'Question 5 (Data)'!C31 -> -0.1048233 | D32: =('Question 5 (Data)'!D32-'Question 5 (Data)'!D31)/'Question 5 (Data)'!D31 -> -0.00057537399 | E32: =('Question 5 (Data)'!E32-'Question 5 (Data)'!E31)/'Question 5 (Data)'!E31 -> 0.023889154 | F32: =('Question 5 (Data)'!F32-'Question 5 (Data)'!F31)/'Question 5 (Data)'!F31 -> 0.021226415 | G32: =('Question 5 (Data)'!G32-'Question 5 (Data)'!G31)/'Question 5 (Data)'!G31 -> 0.0061659193 | H32: =('Question 5 (Data)'!H32-'Question 5 (Data)'!H31)/'Question 5 (Data)'!H31 -> -0.028016009 | I32: =('Question 5 (Data)'!I32-'Question 5 (Data)'!I31)/'Question 5 (Data)'!I31 -> -0.023255814 | J32: =('Question 5 (Data)'!J32-'Question 5 (Data)'!J31)/'Question 5 (Data)'!J31 -> 0.036036036 | ... AD32: =('Question 5 (Data)'!AD32-'Question 5 (Data)'!AD31)/'Question 5 (Data)'!AD31 -> 0.0056148231
A34: 2. Correlation Calculation
A36: Category | B36: Cereals and products | C36: Meat and fish | D36: Egg | E36: Milk and products | F36: Oils and fats | G36: Fruits | H36: Vegetables | I36: Pulses and products | J36: Sugar and Confectionery | K36: Spices | L36: Non-alcoholic beverages | M36: Prepared meals, snacks, sweets etc. | N36: Food and beverages | O36: Pan, tobacco and intoxicants | P36: Clothing | Q36: Footwear | R36: Clothing and footwear | S36: Housing | T36: Fuel and light | U36: Household goods and services | V36: Health | W36: Transport and communication | X36: Recreation and amusement | Y36: Education | Z36: Personal care and effects | AA36: Miscellaneous | AB36: General index
A37: Correlation | B37: =CORREL($C$5:$C$32,D5:D32) -> -0.2320857 | C37: =CORREL($C$5:$C$32,E5:E32) -> 0.40039866 | D37: =CORREL($C$5:$C$32,F5:F32) -> -0.23998504 | E37: =CORREL($C$5:$C$32,G5:G32) -> -0.25168851 | F37: =CORREL($C$5:$C$32,H5:H32) -> 0.38408471 | G37: =CORREL($C$5:$C$32,I5:I32) -> 0.064272418 | H37: =CORREL($C$5:$C$32,J5:J32) -> 0.03316832 | I37: =CORREL($C$5:$C$32,K5:K32) -> -0.20816138 | ... AB37: =CORREL($C$5:$C$32,AD5:AD32) -> 0.1180016

Sheet DashBoard
A1: DashBoard for Indian CPI Inflation CaseStudy
